0	AR-AB (Ft. Nitty)	North 2 West by AR-AB (Ft. Nitty)	eat a dick / Bring 32 grand if you need a brick / Call me at the office, if you need a	https://genius.com/Ar-ab-north-2-west-lyrics
0	Al-D (Ft. Lil' Keke)	Hurtin Inside by Al-D (Ft. Lil' Keke)	And this K-I-N-G, has potential to be / A lock and a key, my 20/20 can see	https://genius.com/Al-d-hurtin-inside-lyrics
0	Ameer Vann	All I Know by Ameer Vann	chains gettin' heavy but my head gettin' bigger / Thirty for a brick and a hunnid in the trunk / Leave a	https://genius.com/Ameer-vann-all-i-know-lyrics
0	Andrew736	MLB The Show 26 Free Rotation Tips From U4GM by Andrew736	mlb-the-show-26/stubs for a handy boost when a key upgrade can't wait. Play Ranked with a	https://genius.com/Andrew736-mlb-the-show-26-free-rotation-tips-from-u4gm-lyrics
0	Backbone (Ft. Killer Mike)	Sho' Ya Right by Backbone (Ft. Killer Mike)	on the bean, cut clean / I'll bring you the whole thing for 18 / They look to Back for the	https://genius.com/Backbone-sho-ya-right-lyrics
0	Bookey & El Fetti	Friendly Reminder by Bookey & El Fetti	grew / What the buiness be, Fuck you talking bout? / A whole thing for 10 pounds, we can swap it out	https://genius.com/Bookey-and-el-fetti-friendly-reminder-lyrics
0	Brevner	***WATERLOO*** - (The Jitters Story) - MADCHILD DISS OFFICIAL by Brevner	a brick / Chipped away for 7 days nigga, down to the zip / Drivin' round the lower mainland with coke on	https://genius.com/Brevner-waterloo-the-jitters-story-madchild-diss-official-lyrics
0	Christopher Evans	Cycles in Nature by Christopher Evans	the maintenance of oxygen concentration in the atmosphere, at approximately 20%. It is also a key process by which carbon	https://genius.com/Christopher-evans-cycles-in-nature-annotated
0	Chubbie Baby (Ft. 2 Chainz & Jim Jones)	Thank the Plug by Chubbie Baby (Ft. 2 Chainz & Jim Jones)	brick at 15 and a half / Now a half a brick cost you 15 and a half / Open up my	https://genius.com/Chubbie-baby-thank-the-plug-lyrics
0	Conway the Machine & Benny the Butcher (Ft. 38 Spesh & Stove God Cooks)	LALO (Original) by Conway the Machine & Benny the Butcher (Ft. 38 Spesh & Stove God Cooks)	say that they need to get they shit together / Runnin; twenty deep, can't buy a brick together / 'Cause they	https://genius.com/Conway-the-machine-and-benny-the-butcher-lalo-original-lyrics
0	Corleone (UK) (Ft. Snap Capone)	Poor Little Rich Kid by Corleone (UK) (Ft. Snap Capone)	get a brick quick / Heard that sniff shit, 35 a brick prick / I can get your brick whipped, a hundred	https://genius.com/Corleone-uk-poor-little-rich-kid-lyrics
0	D.I.T.C. (Ft. Big Pun & KRS-One)	Drop It Heavy (Buckwild Remix) by D.I.T.C. (Ft. Big Pun & KRS-One)	s for the Range but I got 'em down / To twenty and a brick, now I'm out wit this	https://genius.com/Ditc-drop-it-heavy-buckwild-remix-lyrics
0	Darya	Broke Bitch by Darya	m ganna hate the least? / All I knew is by 25 I'm ganna have a lease / And the keys	https://genius.com/Darya-broke-bitch-lyrics
0	Doughboyz Cashout (Ft. Mack Nickels)	Numbers by Doughboyz Cashout (Ft. Mack Nickels)	can get for the 6. 2 for 60 for the bricks / Low key as whip when I’m trafficking the	https://genius.com/Doughboyz-cashout-numbers-lyrics
0	Economics Genius (Ft. NASDAQ & NYSE)	How to Read Stock Market Information by Economics Genius (Ft. NASDAQ & NYSE)	ttm): 25.26 / EPS (ttm): 34.57 / Div & Yield: N/A (N/A) / Key Statistics / Valuation Measures / Market Cap (intraday	https://genius.com/Economics-genius-how-to-read-stock-market-information-annotated
0	Emoney X JC (Ft. Sirflexalot)	prada by Emoney X JC (Ft. Sirflexalot)	my bitch, yuh / You know we be pullin' them sticks, yuh / I got twenty fucking thousand for a brick, yuh 	https://genius.com/Emoney-x-jc-prada-lyrics
0	Fee Gonzales	Slatt by Fee Gonzales	Yeah, I just paid like 40 for the brick mm-hm / I just put the monkey on my kicks mm	https://genius.com/Fee-gonzales-slatt-lyrics
0	Florence Sinclair	Hard food by Florence Sinclair	my business / Yeah / But how much? / Well it's forty grand a key / Forty? / Man loud prices there fam / You	https://genius.com/Florence-sinclair-hard-food-lyrics
0	Fly Ferrari	No Exceptions by Fly Ferrari	Verse 1: / Back in 2006/plenty niggas started flipping bricks/ copping work gotta know they worth/pop a perc and	https://genius.com/Fly-ferrari-no-exceptions-lyrics
0	Geez Francisco	Backporch Geez by Geez Francisco	beats the ribs crack when I speak / Every sixteen is a key / Sold marijuana for a couple weeks, used to	https://genius.com/Geez-francisco-backporch-geez-lyrics
0	Genius France	Gimmicks du rap français by Genius France	S. / • Gang / • Africain sauvage / • Ta-ta-ta / - 10 12 14 / Key Largo / • Key Largo, c'est important / • Sheesh / KLM PS	https://genius.com/Genius-france-gimmicks-du-rap-francais-annotated
0	God (Rapper)	Servin by God (Rapper)	out the rapture you could hang it up / Got a whole thing for 'bout 25, by the time you get	https://genius.com/God-rapper-servin-lyrics
0	Ice City (Ft. Babyface (UK) & Meechie318)	Street Therapy by Ice City (Ft. Babyface (UK) & Meechie318)	the ting at Tracy's, brazy / Re-up on the brick, that's thirty-six, half a brick, eighteen / Walk	https://genius.com/Ice-city-street-therapy-lyrics
0	Internal Revenue Service	Treasury and IRS Announce That All Legal Same-Sex Marriages Will Be Recognized For Federal Tax Purposes by Internal Revenue Service	marriage. / The ruling implements federal tax aspects of the June 26 Supreme Court decision invalidating a key provision of the	https://genius.com/Internal-revenue-service-treasury-and-irs-announce-that-all-legal-same-sex-marriages-will-be-recognized-for-federal-tax-purposes-annotated
0	J $tash	Nuthin' by J $tash	your porch / Dope money, coming in, coming out / Thirty bricks a day, bitch we ain't running out / Been a	https://genius.com/J-stash-nuthin-lyrics
0	Jasiah	UPSET* by Jasiah	Lyrics from Snippet / Fuck / Okay, I'm harder than a brick / Thirty-six, if he talkin' slick / Make him walk	https://genius.com/Jasiah-upset-lyrics
0	Jay Weezy	Smile by Jay Weezy	gyal if my mouth's full of lip gloss / Only twenty-two and twenty-two's what the brick costs 	https://genius.com/Jay-weezy-smile-lyrics
0	Jeezy	Real Nigga Anthem by Jeezy	Yeah) / That's right, y'all crazy / If these niggas thirty a brick, then I'm eighty / You tell them	https://genius.com/Jeezy-real-nigga-anthem-lyrics
0	Kane & Abel (Ft. Master P & Prime Suspects)	Greens, Cornbread, and Cabbage by Kane & Abel (Ft. Master P & Prime Suspects)	wanting sacks / Got niggas in the hood waiting on me for crack / Fifteen five for a key now I'm	https://genius.com/Kane-and-abel-greens-cornbread-and-cabbage-lyrics
0	Lil Lyko	Lean by Lil Lyko	I say that I know things / (Verse 1) / Spend 10 grand on a bitch, spend six on a brick / Smoke	https://genius.com/Lil-lyko-lean-lyrics
0	Lil Pump	30 Bitches (2016) by Lil Pump	my dick (Thirty) / Thirty bitches (Thirty) on my dick / Forty thousand on a brick / I could never trust a bitch	https://genius.com/Lil-pump-30-bitches-2016-lyrics
0	Lil Uzi Vert	Freestyle 150 (On My Grind) by Lil Uzi Vert	your bitch, choppa gonna swerve your man (Bah, bah, bah) / Twenty-bands for a brick, psych, no, that's a	https://genius.com/Lil-uzi-vert-freestyle-150-on-my-grind-lyrics
0	Lindsay Little	Perception of the X by Lindsay Little	devout and vertical / Beguiled the world. / He opened us — / Who was a key. / Who was a man." (1968) / August 7	https://genius.com/Lindsay-little-perception-of-the-x-annotated
0	MarleMarle	Flex like Rich by MarleMarle	no joke,bottle up cola we selling that coke,8 grand a key get it straight off the boat / This	https://genius.com/Marlemarle-flex-like-rich-lyrics
0	NUMB&DUMB	That's A Lot of Red by NUMB&DUMB	oximetry / Checking Echocardiography / Making sure I see the patient pees / Per kilo an hour: 0.3 / Look at the red	https://genius.com/Numb-dumb-thats-a-lot-of-red-lyrics
0	Nephew100 (Ft. Jose Guapo)	Aint Going Broke by Nephew100 (Ft. Jose Guapo)	t been broke since 06 / Plug called, I need more bricks / [?] go fish / [?] for the [?] / Tryna get the money, nigga	https://genius.com/Nephew100-aint-going-broke-lyrics
0	OJ da Juiceman & Project Pat	Burglar Bars by OJ da Juiceman & Project Pat	to cook in my kitchen / Check in my invintory, 20 bricks dropped in / Arm and Hammer baking soda, get your	https://genius.com/Oj-da-juiceman-and-project-pat-burglar-bars-lyrics
0	Outlawz (Ft. TQ)	Get Paid by Outlawz (Ft. TQ)	out the sockets / But that's how it is in twenty-three a.m / Brick City, N-J / Besides Cali	https://genius.com/Outlawz-get-paid-lyrics
0	Pimp C	True Story by Pimp C	push bricks / So I hit the fuckin' slab for the 16.5 / Fuck scorin' at the crib cause that shit	https://genius.com/Pimp-c-true-story-lyrics
0	Pooh-Man (MC POOH)	Niggas Ain't Playin' by Pooh-Man (MC POOH)	d ever find / Treated me like Vaseline, but quick as a fox / Drop a key for 25 like they was	https://genius.com/Pooh-man-mc-pooh-niggas-aint-playin-lyrics
0	Pusha T	Speakers Going Hammer by Pusha T	niggers free to go / It was all good just a key ago / Price for the 20 all i need to	https://genius.com/Pusha-t-speakers-going-hammer-lyrics
0	Rex P	Devon Freestyle by Rex P	the ivory; / Plus I've got the Guinea link, talking 25 a key / If they ever catch me wid it	https://genius.com/Rex-p-devon-freestyle-lyrics
0	Saigon	Papi (35 a Gram) by Saigon	papi, work with me / Cuz see 35 g's for a key is too much for me / 35 a gram	https://genius.com/Saigon-papi-35-a-gram-lyrics
0	Shatta Wale	Kumerica by Shatta Wale	how we chilling / See how we killing / Hahaha / Yeah / 24 keys was my first shipping / Eilis shut your biblical you	https://genius.com/Shatta-wale-kumerica-lyrics
0	Simon Armitage	About His Person by Simon Armitage	twenty-fourth to the first of April. / A brace of keys for a mortise lock, / an analogue watch, self-winding	https://genius.com/Simon-armitage-about-his-person-annotated
0	Smerker (Ft. Deep Green, J Spades & Pak-Man)	Stars In The Wraith (Remix) by Smerker (Ft. Deep Green, J Spades & Pak-Man)	on my clip / Thirty on my wrist, wan' pay thirty for a brick / I don't trust hoes or a	https://genius.com/Smerker-stars-in-the-wraith-remix-lyrics
0	Smerker (Ft. Deep Green, J Spades & Pak-Man)	Stars In The Wraith (Remix) by Smerker (Ft. Deep Green, J Spades & Pak-Man)	yayo / One-thirty on my whip, thirty on my clip / Thirty on my wrist, wan' pay thirty for a brick	https://genius.com/Smerker-stars-in-the-wraith-remix-lyrics
0	Snap Capone	Catching Them Bodies by Snap Capone	in Dior / Talking Giuseppes, I bought the whole store / Took a twenty on a brick, fuck that, hold a ten	https://genius.com/Snap-capone-catching-them-bodies-lyrics
0	Snap Capone	Man Down by Snap Capone	"Don't stop rapping" they keep telling me / I'm in the hood where the bricks go for thirty	https://genius.com/Snap-capone-man-down-lyrics
0	Snap Capone	Pay 4 It / Picture Me Rolling by Snap Capone	drops, that's crack in a pot / Charge thirty for a key, that's the price of my watch / Nigga	https://genius.com/Snap-capone-pay-4-it-picture-me-rolling-lyrics
0	StarD1	Gangsta Life (Trebug Mix) by StarD1	with all my cash / Now it's 96' I got a lean 21 / Coppin' keys, making G's, messin around	https://genius.com/Stard1-gangsta-life-trebug-mix-lyrics
0	Styles P	Institutionalized by Styles P	s faces / Forget the colors, do the numbers / Twenty for a brick, but if you caught, it's twenty-five	https://genius.com/Styles-p-institutionalized-lyrics
0	TQ	Get Paid by TQ	out the sockets / But that's how it is in twenty-three a.m / Brick City, N-J / Besides Cali	https://genius.com/Tq-get-paid-lyrics
0	TXX Will (Ft. Legion (Producer), Lejo (USA) & Sundae)	Hustlers Theme by TXX Will (Ft. Legion (Producer), Lejo (USA) & Sundae)	things / Show you how to turn a soft packet to a hard key / I charge a large fee, [?] / 28 inches	https://genius.com/Txx-will-hustlers-theme-lyrics
0	Tania Christopher	Knock Knock by Tania Christopher	my watch / 6 o'clock on the dot / Then my keys dropped / Now I can't open the lock / Why	https://genius.com/Tania-christopher-knock-knock-lyrics
0	Teebone (Ft. God's Gift)	MIC Tribute Update by Teebone (Ft. God's Gift)	True killa bees, never ever cease / 'Cause originality is the key / A tribute to 21 MCs / Who mash up the	https://genius.com/Teebone-mic-tribute-update-lyrics
0	These Animals	Tenants by These Animals	so sleep deprived / And up the steps, and with her keys / She find finds 35 / A cool suburban breeze, will	https://genius.com/These-animals-tenants-lyrics
0	Tim Minchin	Fat Children by Tim Minchin	just gets short of breath / Cause he's thirty-five kilos above the ideal weight / Of thirty-five kilos for	https://genius.com/Tim-minchin-fat-children-lyrics
0	Tom King (Pop)	Princess Dress by Tom King (Pop)	on shows for my nana and my papa too / Turning twenty hit me like a brick wall / Stressing about things	https://genius.com/Tom-king-pop-princess-dress-lyrics
0	Trapstar Toxic	Life I Live by Trapstar Toxic	You see me, I don't watch face / Eyes on a brick, thirty-six times twenty-eight / That's the	https://genius.com/Trapstar-toxic-life-i-live-lyrics
0	Xept & Lion	Mexico by Xept & Lion	bitches do my whips / One man squad, John Wick / Turn a stick to a brick / Thirty six make a brick	https://genius.com/Xept-and-lion-mexico-lyrics
0	Xept (Ft. Blacc Willi)	One Hundred by Xept (Ft. Blacc Willi)	and whipping it hunnit / Came with the check and the bricks / Thirty six make a brick / Whoa, we keep it	https://genius.com/Xept-one-hundred-lyrics
0	Young Pacs	Legacy by Young Pacs	sold "Hold this" / Told my plug "I can work with a whole brick" / Twenty-five grand lick I missed cah	https://genius.com/Young-pacs-legacy-lyrics
0	Yung LA (Ft. Humble G)	That Ain't Me by Yung LA (Ft. Humble G)	around, you know i'm from the 3 / I never sold a key, that ain't me / Everybody had bricks	https://genius.com/Yung-la-that-aint-me-lyrics
1913	Charles Richet	Nobel Lecture in Physiology or Medicine (1913): Anaphylaxis (Richet) by Charles Richet	lethal dose was of the order of 0.1 liquid per kilo live weight of subject. / But certain of the	https://genius.com/Charles-richet-nobel-lecture-in-physiology-or-medicine-1913-anaphylaxis-richet-annotated
1967	The Move	The Disturbance by The Move	Reach the age of a-21 / Ain't got no key to fit my door / Day and a-night I	https://genius.com/The-move-the-disturbance-lyrics
1992	Pooh-Man	Niggas Ain't Playin' by Pooh-Man	d ever find / Treated me like Vaseline, but quick as a fox / Drop a key for twenty five like they	https://genius.com/Pooh-man-niggas-aint-playin-lyrics
1992	UGK	Pocket Full of Stones by UGK	mine / Got my money totalled for a big time pass / 17-5, I got a bird on they ass / (Hey	https://genius.com/Ugk-pocket-full-of-stones-lyrics
1993	UGK	Pocket Full of Stones (Port Arthur Remix) by UGK	mine / Got my money totaled for a big time spree / 17-5, I got a bird - yeah key! / Put my	https://genius.com/Ugk-pocket-full-of-stones-port-arthur-remix-lyrics
1994	JAŸ-Z	Understand Me by JAŸ-Z	me / By nineteen, I'd be in jail, smoking or buying the key / Which one would you choose out of	https://genius.com/Jay-z-understand-me-lyrics
1994	Kokane (Ft. Above the Law & Tha Alkaholiks)	All Bark No Bite by Kokane (Ft. Above the Law & Tha Alkaholiks)	flat well, alright / Cause I gotta slang my funk at 17-5 a ki / Now, what's up homes / I	https://genius.com/Kokane-all-bark-no-bite-lyrics
1994	Kokane (Ft. Cold 187um, Dirty Red & KMG the Illustrator)	Aftermath by Kokane (Ft. Cold 187um, Dirty Red & KMG the Illustrator)	Or do you wanna die for my Kokane that's 17-5 a ki? / Awww yeah, I sit leanin' on	https://genius.com/Kokane-aftermath-lyrics
1994	Lil Gin	Strapped At All Times by Lil Gin	other niggas shit, but they don't fuck with mine / 17-5, I gotta bird on they ass / Pistol grip	https://genius.com/Lil-gin-strapped-at-all-times-lyrics
1995	Crash Vegas	What Money Can Buy by Crash Vegas	stars travel in her skies / Clipped wings, lost nerve at 35 / Inside a box she keeps her golden bird / And	https://genius.com/Crash-vegas-what-money-can-buy-lyrics
1995	Master P	Dead Presidents by Master P	than M.J / And like Cube say today will be a good day / 25 G's for a key / Hook	https://genius.com/Master-p-dead-presidents-lyrics
1995	Raekwon (Ft. Ghostface Killah)	Striving for Perfection by Raekwon (Ft. Ghostface Killah)	a new connect son, for real, man / Fuck all this twenty for a brick shit, man (No doubt) / My man	https://genius.com/Raekwon-striving-for-perfection-lyrics
1995	TRU (Ft. C-Bo, King George & Master P)	That's How We Break Bread by TRU (Ft. C-Bo, King George & Master P)	table, and from city to city I'm able / Cap a key for 10 and 12, my Mexican friends got	https://genius.com/Tru-thats-how-we-break-bread-lyrics
1996	Star D	Gangsta Life by Star D	with all my cash / Now it's '96 I got a lean 21 / Coppin' keys, makin' G's, messin' around	https://genius.com/Star-d-gangsta-life-lyrics
1997	Hot Boys	Get it How U Live!! by Hot Boys	shine and floss / Is you bout that white sauce, 10 a keys the cost, bout to toss a nigga 3	https://genius.com/Hot-boys-get-it-how-u-live-lyrics
1997	TRU (Ft. Master P)	Swamp Nigga by TRU (Ft. Master P)	a muthafuckin ki / Fool, when ya hit me, it's 18-5 / I gotta tax ya 2 G's just	https://genius.com/Tru-swamp-nigga-lyrics
1997	TRU (Ft. Master P)	Swamp Nigga by TRU (Ft. Master P)	on blunts, niggas call it Swisher sweets / I got birds 16-5 a muthafuckin ki / Fool, when ya hit me	https://genius.com/Tru-swamp-nigga-lyrics
2000	D.I.T.C. (Ft. A.G. (D.I.T.C.), Big Pun & KRS-One)	Drop It Heavy by D.I.T.C. (Ft. A.G. (D.I.T.C.), Big Pun & KRS-One)	s for the Range but I got 'em down / To twenty and a brick, now I'm out wit this	https://genius.com/Ditc-drop-it-heavy-lyrics
2000	Drag-On (Ft. The LOX)	Ready for War by Drag-On (Ft. The LOX)	grams in an ounce / Everybody bounce, 26 inch hues on a truck / 36 O's in a key, everybody ree	https://genius.com/Drag-on-ready-for-war-lyrics
2000	Drama (Rap)	The Plot by Drama (Rap)	28 grams and an ounce of a thousand and 8 per key / Drop by the music store to holler at	https://genius.com/Drama-rap-the-plot-lyrics
2001	JAŸ-Z	U Don't Know by JAŸ-Z	ain't no rewindin' me back / Could make forty off a brick, but one rhyme could beat that / And if	https://genius.com/Jay-z-u-dont-know-lyrics
2002	504 Boyz (Ft. Afficial, Curren$y, Desperado (US), Krazy, Master P, S-Flames & Yukon)	My Life is Sweet by 504 Boyz (Ft. Afficial, Curren$y, Desperado (US), Krazy, Master P, S-Flames & Yukon)	m a weed blower, I get my ki's lower / 16-5 a few weeks, I'll have a green	https://genius.com/504-boyz-my-life-is-sweet-lyrics
2002	B.O.C. Click	Freestyle (2) by B.O.C. Click	got the dope and I put it in the streets / 32 keys, a TEC-9, and a couple freaks / Number	https://genius.com/Boc-click-freestyle-2-lyrics
2002	Fabolous (Ft. Pharrell Williams)	Young'n by Fabolous (Ft. Pharrell Williams)	all just wannabes / Federal Agents on their P's / 30 a gram 28 on the keys / Gotta good lawyer I	https://genius.com/Fabolous-youngn-lyrics
2005	D-Block (Ft. Jadakiss)	Yayo by D-Block (Ft. Jadakiss)	NC like [?] / Jada drop dead if Kiss is fronting / Your bricks cost 24, mine 60 something / Get it today, stack	https://genius.com/D-block-yayo-lyrics
2006	Bad Neighbors (of Sandpeople)	Untitled Bonus 5 by Bad Neighbors (of Sandpeople)	occupy my mind grounded I slave / Plenty of grams and keys but 21 grams a leaf / It's funny what	https://genius.com/Bad-neighbors-of-sandpeople-untitled-bonus-5-lyrics
2006	Gucci Mane	Street Niggaz by Gucci Mane	get smashed, bond money on deck / Gave my dog half a brick for a '73 Donk / Got that bullfrog yay	https://genius.com/Gucci-mane-street-niggaz-lyrics
2006	Wiley	Crash Bandicoot Freestyle by Wiley	at / Canary Wharf retail therapy's me all week / Shot a key at / 28g at, 20 past 3 / 27 big	https://genius.com/Wiley-crash-bandicoot-freestyle-lyrics
2007	Pimp C	True Stories by Pimp C	push bricks / So I hit the fuckin' slab for the 16.5 / Fuck scorin' at the crib cause that shit	https://genius.com/Pimp-c-true-stories-lyrics
2008	Bronze Nazareth	Chambers of Four by Bronze Nazareth	see my fingers trim their cartilage / I'll give you twenty for a brick or banana clip cartridges / That's	https://genius.com/Bronze-nazareth-chambers-of-four-lyrics
2008	Bun B (Ft. Kobe Honeycutt & Mddl Fngz)	Another Soldier by Bun B (Ft. Kobe Honeycutt & Mddl Fngz)	Open up the door, nigga standin' like shit / 15 full bricks, same price for a hit / Nigga I done done	https://genius.com/Bun-b-another-soldier-lyrics
2008	Gucci Mane	Crowd In Rage by Gucci Mane	the stage / Crumb Gucci Mane, the hottest rapper in the A / Sellin' plenty yay, movin' twenty bricks a day / I	https://genius.com/Gucci-mane-crowd-in-rage-lyrics
2008	Gucci Mane	Feel Like Cookin' by Gucci Mane	a blast it’ll put you on your ass / Give a brick for the cash charge you seventeen bands / Whatcha	https://genius.com/Gucci-mane-feel-like-cookin-lyrics
2008	Gucci Mane (Ft. Yo Gotti)	In the Trap by Gucci Mane (Ft. Yo Gotti)	servin' after 10 cause I'm all in / Cop a bird for the twenty nigga all ten / Deuce fours on	https://genius.com/Gucci-mane-in-the-trap-lyrics
2008	OJ da Juiceman	I'm Gettin Money by OJ da Juiceman	Ayy) / I rather ride six forty-five top back (Okay) / Twenty bricks a week and he can't top that	https://genius.com/Oj-da-juiceman-im-gettin-money-lyrics
2008	OJ da Juiceman (Ft. Gucci Mane)	Good Night by OJ da Juiceman (Ft. Gucci Mane)	that street life / VVS diamonds, everybody say goodnight / Twenty bricks a night made your girl say goodnight / Twenty bricks a	https://genius.com/Oj-da-juiceman-good-night-lyrics
2009	Ab-Soul	Introduction by Ab-Soul	for trafficking me / Like I'm wrapped in vaseline and go for 18 5 a key / At 18 I was	https://genius.com/Ab-soul-introduction-lyrics
2009	Ab-Soul	Introduction by Ab-Soul	me / Like I'm wrapped in vaseline and go for 18 5 a key / At 18 I was a G	https://genius.com/Ab-soul-introduction-lyrics
2009	Area Development (Ft. Barack Obama, Harry Reid, Kevin Brady & Nancy Pelosi)	Healthcare Reform: How Will It Affect Businesses? by Area Development (Ft. Barack Obama, Harry Reid, Kevin Brady & Nancy Pelosi)	reform to our broken system." / What's Next? / On Nov. 21, the Senate majority won a key procedural vote to	https://genius.com/Area-development-healthcare-reform-how-will-it-affect-businesses-annotated
2009	French Montana	Bricks & Walls by French Montana	Canal I get it free, nah it ain't ten a key / Look homey it's 35, I dont know	https://genius.com/French-montana-bricks-and-walls-lyrics
2009	French Montana	Love You Till You're Gone by French Montana	Canal I get it free, nah it ain't ten a key / Look homey it's 35, I dont know	https://genius.com/French-montana-love-you-till-youre-gone-lyrics
2009	Gorilla Zoe	Hood Clap by Gorilla Zoe	me & my bitch / That's a 9 millimeter, gettin' money, droppin' bricks / All I do is get money. What the	https://genius.com/Gorilla-zoe-hood-clap-lyrics
2009	Gucci Mane (Ft. Project Pat)	Time To Eat by Gucci Mane (Ft. Project Pat)	to eat / 21 a key, 10 five a half a key, 55 a quarter key nigga come and see a	https://genius.com/Gucci-mane-time-to-eat-lyrics
2009	Jeezy	Air Forces 2 by Jeezy	need another free / Two plates, four birds, one nigga, Mister 17-5 / Yeah, They know Shawty Lo, anything about dope	https://genius.com/Jeezy-air-forces-2-lyrics
2009	Jeezy	Done It by Jeezy	three, two plates, four birds / One nigga ooh wee, Mr. 17.5, yea they know shawty low / Anything about blow	https://genius.com/Jeezy-done-it-lyrics
2009	Lil' Flip & Gudda Gudda	I Keep It Street All Day by Lil' Flip & Gudda Gudda	you can see them hoes when my lips closed / The bricks go for sixteen, five if I know ya / But	https://genius.com/Lil-flip-and-gudda-gudda-i-keep-it-street-all-day-lyrics
2009	OJ da Juiceman (Ft. Cam'ron & Gucci Mane)	Make tha Trap Say Aye (Remix) by OJ da Juiceman (Ft. Cam'ron & Gucci Mane)	Juiceman? / This Louis belt cost 2 grand / Sell a quarter key by the newsstand / "Sniff that shit, feel like a	https://genius.com/Oj-da-juiceman-make-tha-trap-say-aye-remix-lyrics
2009	P Money (Ft. Drifter, Lady Leshurr & OGz)	Cool Safe by P Money (Ft. Drifter, Lady Leshurr & OGz)	blows / Five hours gone, a key goes / You're a 28 grams or a kilo / Not a OG, but a	https://genius.com/P-money-cool-safe-lyrics
2009	Raekwon (Ft. Kool G Rap & M.O.P.)	Ill Figures by Raekwon (Ft. Kool G Rap & M.O.P.)	with / Thirsty ass with no water and it sounded desperate / Brick a white nowadays is forty grand invested / Live within	https://genius.com/Raekwon-ill-figures-lyrics
2009	Skrapz	Beat2Beatz HQ by Skrapz	know? / Buying five O's, break it all down to twenty bones / Buy a one brick of skunk, mash it	https://genius.com/Skrapz-beat2beatz-hq-lyrics
2009	Snoop Dogg	That's Tha Homie by Snoop Dogg	Zone 6, soul food, no sushi mayne / Cookin up the whole thing for Snoop Dogg and Gucci Mane / My homegirls	https://genius.com/Snoop-dogg-thats-tha-homie-lyrics
2010	Doughboyz Cashout	Grind 2 Shine by Doughboyz Cashout	on some foreign shit / Use to cop hard Oz, hoping for a Brick / 19 years old, I was paying Mortgage	https://genius.com/Doughboyz-cashout-grind-2-shine-lyrics
2010	Gucci Mane	Dopeman by Gucci Mane	my work / I got a trick up my sleeve / Got a 5 grand plate quarter / Brick up my sleeve / Niggas	https://genius.com/Gucci-mane-dopeman-lyrics
2010	Jeezy	Whippin All of Dat by Jeezy	whipping all of that / Man, niggas want thirty for a brick, man / That’s just like trying to charge a	https://genius.com/Jeezy-whippin-all-of-dat-lyrics
2010	Meek Mill	Bricks by Meek Mill	put them in a dump truck / [?] you bumped up / Thirty thousand that's a brick on me / The nigga steady	https://genius.com/Meek-mill-bricks-lyrics
2010	Meek Mill	Bricks by Meek Mill	shit on me / Thirty thousand, nigga that's a brick / Thirty shots up in this ladder nigga that's a	https://genius.com/Meek-mill-bricks-lyrics
2010	Roc Marciano	Whateva Whateva by Roc Marciano	Lines that I read, foul to the teeth / Filed from a cheap, twenty five thousand a key / Niggas sound funny	https://genius.com/Roc-marciano-whateva-whateva-lyrics
2011	Cory Gunz (Ft. Meek Mill)	YMCMB MMG by Cory Gunz (Ft. Meek Mill)	flow, I move low key / Make a move OT / Get a brick for the low / 95 South get a chick	https://genius.com/Cory-gunz-ymcmb-mmg-lyrics
2011	D. King (rapper)	Supposed to Be by D. King (rapper)	m just trying to keep them things around me / 'Cause bricks go for 11-5 in Dade County / D. King	https://genius.com/D-king-rapper-supposed-to-be-lyrics
2011	Future (Ft. Young Scooter)	We On Top by Future (Ft. Young Scooter)	though / Brick on top of brick they go for 28 for / Bales on retail, 400 I let 'em go / All	https://genius.com/Future-we-on-top-lyrics
2011	Money Gang (Ft. FBG Brick, FBG Dutchie & Reese G)	Work by Money Gang (Ft. FBG Brick, FBG Dutchie & Reese G)	eat, I'ma tell you what the plate cost (What?) / Thirty for a brick and ten percent when you take	https://genius.com/Money-gang-work-lyrics
2011	Pusha T	Speakers Going Hammer (Freestyle) by Pusha T	niggas free to go / It was all good just a key ago / Price for the 20 all I need to	https://genius.com/Pusha-t-speakers-going-hammer-freestyle-lyrics
2011	Skrapz	More Doe by Skrapz	know? / Buying five O's, break it all down to twenty bones / Buy a one brick of skunk, mash it	https://genius.com/Skrapz-more-doe-lyrics
2011	Trae tha Truth (Ft. Meek Mill & Pusha T)	So Far To Go by Trae tha Truth (Ft. Meek Mill & Pusha T)	of Hard Knocks, made the honor roll / 7 grams to a key, I was on a roll / Haters couldn't	https://genius.com/Trae-tha-truth-so-far-to-go-lyrics
2012	CyHi	Changed by CyHi	dimes for the low / I used to get the whole thing for the 55 / 29 for the spliff, 25 for	https://genius.com/Cyhi-changed-lyrics
2012	DJ Khaled (Ft. Ace Hood, French Montana & Mavado)	Suicidal Thoughts (Remix) by DJ Khaled (Ft. Ace Hood, French Montana & Mavado)	blocks, dark for the have nots (Ha) / My homey turned a hundred grand twenty five bricks (P) / Caught doin a	https://genius.com/Dj-khaled-suicidal-thoughts-remix-lyrics
2012	Fredo Santana (Ft. Ballout)	Up Them Poles by Fredo Santana (Ft. Ballout)	bang) / My whole team got 30's (30's), two keys for the forty (40) / Smoking dope got me coughing	https://genius.com/Fredo-santana-up-them-poles-lyrics
2012	Jadakiss (Ft. Ace Hood & Styles P)	Hustle Like A Muh by Jadakiss (Ft. Ace Hood & Styles P)	muh'fucker / Started with an 8-ball / Ended up with kilos / For the bricks like the louisville players / Rip the	https://genius.com/Jadakiss-hustle-like-a-muh-lyrics
2012	Jeezy (Ft. Freddie Gibbs)	The Motto (Remix) by Jeezy (Ft. Freddie Gibbs)	Thug nigga, keep the kush up in his carry-on / Birds for the thirty-three, I got my Larry on	https://genius.com/Jeezy-the-motto-remix-lyrics
2012	Meek Mill	Dreams and Nightmares (Intro) by Meek Mill	I turn my enemies to memories / With them bricks, they go for forty, ain't no ten a key / Hold	https://genius.com/Meek-mill-dreams-and-nightmares-intro-lyrics
2012	Meek Mill	Dreams and Nightmares (Intro) by Meek Mill	s beef, I turn my enemies to memories / With them bricks, they go for forty, ain't no ten a	https://genius.com/Meek-mill-dreams-and-nightmares-intro-lyrics
2012	Meek Mill	Dreams and Nightmares (Intro) by Meek Mill	them bricks, they go for forty, ain't no ten a key / Hold up! Broke nigga turned rich (Rich), love	https://genius.com/Meek-mill-dreams-and-nightmares-intro-lyrics
2013	A$AP Ferg	Fergivicious by A$AP Ferg	Marty Baller macking, yeah, he Blood dripping / 5 point star for a thug nigga / 'bout 2 keys for the snow	https://genius.com/A-ap-ferg-fergivicious-lyrics
2013	Boldy James	For the Birds by Boldy James	Man, this shit is for the birds and I need a brick / Quick, a twenty-eight by thirty-six / Man	https://genius.com/Boldy-james-for-the-birds-lyrics
2013	Boldy James	For the Birds by Boldy James	shit is for the birds and I need a brick / Thirty-six for the birds and I need a brick	https://genius.com/Boldy-james-for-the-birds-lyrics
2013	Casino (Ft. Young Thug)	Communication by Casino (Ft. Young Thug)	my clarification / Thumbing through the check, I call that masturbating / Thirty-six for a brick, that's the calculation / Say	https://genius.com/Casino-communication-lyrics
2013	Charlie Worsham	How I Learned to Pray by Charlie Worsham	When I was sixteen, that set of keys was a pair of wings / Daddy, pretty please, can I take a	https://genius.com/Charlie-worsham-how-i-learned-to-pray-lyrics
2013	Deniro Farrar	So Many Days by Deniro Farrar	year, 60 minutes in an hour / 36 oz.'s in a whole key so 28 grams in an hour / Chasing	https://genius.com/Deniro-farrar-so-many-days-lyrics
2013	Doe B	30 Piece by Doe B	piece) / 30 piece, 30 piece (I’m talkin 30 piece) / Bricks go for 30 / Chevy sittin on 30's / All	https://genius.com/Doe-b-30-piece-lyrics
2013	Doe B (Ft. T.I.)	Don't Want It by Doe B (Ft. T.I.)	G for a solid O.Z / But if you bring 23, you can get a whole key / If a nigga	https://genius.com/Doe-b-dont-want-it-lyrics
2013	Doley Bernays	Funerals & Release Dates by Doley Bernays	that shit / Free Nova G you ain't never seen bricks / Forty wholesale on a hundred grand flips / Luck's	https://genius.com/Doley-bernays-funerals-and-release-dates-lyrics
2013	E-40 (Ft. Choose Up Cheese & Cousin Fik)	Tree in the Load by E-40 (Ft. Choose Up Cheese & Cousin Fik)	in the load) / Easy thousand dollars for the kit gang / Twenty four five for a brick, man / Us on the	https://genius.com/E-40-tree-in-the-load-lyrics
2013	Jeremy J. Vaudo , Michael R. Heithaus	Microhabitat Selection by Marine Mesoconsumers in a Thermally Heterogeneous Habitat: Behavioral Thermoregulation or Avoiding Predation Risk? by Jeremy J. Vaudo , Michael R. Heithaus	organism's physiology, however, is environmental temperature because it is a key determinant of physiological performance within poikilothermic organisms [15	https://genius.com/Jeremy-j-vaudo-michael-r-heithaus-microhabitat-selection-by-marine-mesoconsumers-in-a-thermally-heterogeneous-habitat-behavioral-thermoregulation-or-avoiding-predation-risk-annotated
2013	Joe Budden	Lost Control (Freestyle) by Joe Budden	Not no Shiny Suit shit, this that 92 Knicks / This for Hov's missing 92 bricks / For State Prop and	https://genius.com/Joe-budden-lost-control-freestyle-lyrics
2013	Mathematics (Ft. Bad Luck (Rapper), Cappadonna, Eyes Low, Method Man, Raekwon & Termanology)	Men of Respect by Mathematics (Ft. Bad Luck (Rapper), Cappadonna, Eyes Low, Method Man, Raekwon & Termanology)	different types of drugs, slipping 'em 5 ways / Gettin' rid of a brick in less than five days / I pop	https://genius.com/Mathematics-men-of-respect-lyrics
2013	Meek Mill (Ft. Birdman, Diddy & Travis Scott)	I'm Leanin' by Meek Mill (Ft. Birdman, Diddy & Travis Scott)	We ain't ever know to call the police / Got birds for the twenty five K / Sounds like a bargain	https://genius.com/Meek-mill-im-leanin-lyrics
2013	Pusha T	Numbers on the Boards by Pusha T	keep food up on your plates, nigga? / I might sell a brick on my birthday / Thirty-six years of doin	https://genius.com/Pusha-t-numbers-on-the-boards-lyrics
2013	Pusha T	Numbers on the Boards by Pusha T	to keep food up on your plates, nigga? / I might sell a brick on my birthday / Thirty-six years of	https://genius.com/Pusha-t-numbers-on-the-boards-lyrics
2013	Pusha T (Ft. Rick Ross)	Millions by Pusha T (Ft. Rick Ross)	got that, I got that I got this / Got a kilo for 20, my choppas say I'm the shit	https://genius.com/Pusha-t-millions-lyrics
2013	Tracy T (Ft. Meek Mill)	16 by Tracy T (Ft. Meek Mill)	up hol up hol up what’s you doing nigga? / Whole thing for 33, that's Patrick Ewing nigga / Same	https://genius.com/Tracy-t-16-lyrics
2013	Trae tha Truth (Ft. JasonMartin & J. Stalin)	Killer by Trae tha Truth (Ft. JasonMartin & J. Stalin)	is suck dick and give me all her chips / Tryna sell a quarter key, nigga 9 zips / Smoking on this	https://genius.com/Trae-tha-truth-killer-lyrics
2013	Waka Flocka Flame	Fast Forward by Waka Flocka Flame	Throw it throw it throw it, motherfuckin' throw it / The bricks go for 35, that’s KD / RIP if he	https://genius.com/Waka-flocka-flame-fast-forward-lyrics
2013	Waka Flocka Flame (Ft. Cartel MGM & Young Scooter)	Murda She Wrote by Waka Flocka Flame (Ft. Cartel MGM & Young Scooter)	I’m ‘bout to up the price / 65,000 for a brick of white / I took a 9 out, I	https://genius.com/Waka-flocka-flame-murda-she-wrote-lyrics
2013	Wale (Ft. Lyfe Jennings & Yo Gotti)	Bricks by Wale (Ft. Lyfe Jennings & Yo Gotti)	Now 16, getting them bricks for the 16 / Was unwrapping bricks but now I'm rappin' bricks for 16 / I	https://genius.com/Wale-bricks-lyrics
2013	XV	Canned Laughter by XV	wrap 100’s in bands / The real square root of a key, is 32 grams / But when did I expect	https://genius.com/Xv-canned-laughter-lyrics
2013	Yo Gotti	Lebron James by Yo Gotti	Big wheels on my Phantom, got it sittin' crooked / 3 birds for a show, nigga gon' book it / I’m	https://genius.com/Yo-gotti-lebron-james-lyrics
2013	Yo Gotti (Ft. Meek Mill)	LeBron James (Remix) by Yo Gotti (Ft. Meek Mill)	Big wheels on my Phantom, got it sittin' crooked / 3 birds for a show, nigga gon' book it / I’m	https://genius.com/Yo-gotti-lebron-james-remix-lyrics
2013	Young Thug (Ft. Heavy (Rap) & OG Boo Dirty)	Yeah, Yeah (1017 Thug) by Young Thug (Ft. Heavy (Rap) & OG Boo Dirty)	Yeah, yeah (They'll cock back, they depressed too, Hoodrich) / Thirty-six for a brick, too legit to quit (Woo	https://genius.com/Young-thug-yeah-yeah-1017-thug-lyrics
2014	Dave East	In Some Shit (Part 1) by Dave East	s cop em') / “Always used to have the bricks at 19-5, that's taxin' (taxin') / Niggas savages, you disappeared	https://genius.com/Dave-east-in-some-shit-part-1-lyrics
2014	E-40 (Ft. B-Legit & Too $hort)	Same Since '88 by E-40 (Ft. B-Legit & Too $hort)	chicken) / Blessed with the whip and playin' my position (Yeah) / Thirty-eight a brick on a hundred flip (Flippin') / Cash	https://genius.com/E-40-same-since-88-lyrics
2014	Eddie Perfect (Ft. Jolyon James, Shane Jacobson & Shane Warne the Musical Company)	Run by Eddie Perfect (Ft. Jolyon James, Shane Jacobson & Shane Warne the Musical Company)	Now would you take a look at me? / Saints jumper number twenty-three / A brick shithouse of an opponent / I	https://genius.com/Eddie-perfect-run-lyrics
2014	Inglebirds	Getti by Inglebirds	Duft von Freiheit / Trippin sippin und drive-bys / Big Bad Birds for Life / Hermann mit der Forty, der OG mit	https://genius.com/Inglebirds-getti-lyrics
2014	J $tash (Ft. A$AP ANT)	Nuthin Remix by J $tash (Ft. A$AP ANT)	porch / Do-Dope money coming in coming out / Thirty bricks a day bitch we ain't running out / Been a	https://genius.com/J-stash-nuthin-remix-lyrics
2014	KXNG Crooked	Fallen Rap Gods by KXNG Crooked	for 22 a key, let me know if it's a go / I'm just a real nigga with heart	https://genius.com/Kxng-crooked-fallen-rap-gods-lyrics
2014	Lil Durk	Feds Listenin' by Lil Durk	let's do it, say no more" / "I got 10 bricks for you, let's get it" / I heard the	https://genius.com/Lil-durk-feds-listenin-lyrics
2014	Naj isDope (Ft. Snubbs)	Juice by Naj isDope (Ft. Snubbs)	Physical? Bergdoff / Cloud 9 fly, don't care what your birds cost / One call? They pull the trigger / If you	https://genius.com/Naj-isdope-juice-lyrics
2014	O.T. Genasis	CoCo by O.T. Genasis	I'm in love with the coco / 36, that's a kilo (Aquí) / Need a brick, miss my free throw	https://genius.com/Ot-genasis-coco-lyrics
2014	O.T. Genasis	Funk Flex Freestyle by O.T. Genasis	now / Thirsty, yeah, I'm the shit now / Plug said, "Thirty for a brick now" / All the cash in my	https://genius.com/Ot-genasis-funk-flex-freestyle-lyrics
2014	SpaceGhostPurrp & Dough2x	MunnieTrain7264 by SpaceGhostPurrp & Dough2x	Stuntman bricks, 17.5, you know I got 'em / Buy 4 or more on my spot, you can drop 'em	https://genius.com/Spaceghostpurrp-and-dough2x-munnietrain7264-lyrics
2014	TREY CHOPS	Stickers by TREY CHOPS	than the streets / Stickers stick better than a 40 or a G / Yeah, it's probably 40 for a key	https://genius.com/Trey-chops-stickers-lyrics
2014	Young Scooter (Ft. Wiz Khalifa)	Money by Young Scooter (Ft. Wiz Khalifa)	money / 20’s, 50’s, hundreds / Money, money, money, money / A thousand, bricks / Hector, he keep it coming / Every day	https://genius.com/Young-scooter-money-lyrics
2015	Alley Boy (Ft. Mojo (USA))	Counterfeit by Alley Boy (Ft. Mojo (USA))	with me I’m gonna pull out the chrome / Bought a brand new Bronco honey / 50 grand half a brick	https://genius.com/Alley-boy-counterfeit-lyrics
2015	Alley Boy (Ft. Yung Gwapa)	Rest Of My Life by Alley Boy (Ft. Yung Gwapa)	wanna see me dead, wanna take my life / It’s a like a brick on me / Thirty grand on my	https://genius.com/Alley-boy-rest-of-my-life-lyrics
2015	C Biz	The Games Mine (Full) by C Biz	less / Fuck a 10 I'm in the den / I sell a brick I'm makin 10 / Free my little	https://genius.com/C-biz-the-games-mine-full-lyrics
2015	Dion Lekeith	Pyrex by Dion Lekeith	m hard as a brick / Pyrex / Never put 20 on a key / Still Placed bout a Hunnid on a V	https://genius.com/Dion-lekeith-pyrex-lyrics
2015	Eside Shawty	I'm Rolling by Eside Shawty	A thousand bricks of mid on a 18 wheeler tractor truck / Plays on a hundred In The hood bitch I	https://genius.com/Eside-shawty-im-rolling-lyrics
2015	Genius Brasil	Lançamentos de Rap 2015 by Genius Brasil	Lab / 21.08: Mick Jenkins - Wave[s] / 21.08: Sean Price - Songs In the Key of Price / 28.08: The	https://genius.com/Genius-brasil-lancamentos-de-rap-2015-lyrics
2015	Gucci Mane (Ft. Fetty Wap & Lil Reese)	Still Selling Dope (Remix) by Gucci Mane (Ft. Fetty Wap & Lil Reese)	thangs, that's if you really want some work / When a brick was twenty-six, it got me goddamn rich	https://genius.com/Gucci-mane-still-selling-dope-remix-lyrics
2015	Gucci Mane (Ft. Fetty Wap)	Still Selling Dope by Gucci Mane (Ft. Fetty Wap)	thangs, that's if you really want some work / When a brick was twenty-six, it got me goddamn rich	https://genius.com/Gucci-mane-still-selling-dope-lyrics
2015	Jadakiss (Ft. Future)	You Can See by Jadakiss (Ft. Future)	5 DOA, niggas know he don’t play / I can sell a key a day, I guess it’s in	https://genius.com/Jadakiss-you-can-see-lyrics
2015	Jadakiss (Ft. Jeezy)	Critical by Jadakiss (Ft. Jeezy)	critical / Bought me two bricks call me 60 thou' / Pay for the coke nigga its a trial / Paid for the	https://genius.com/Jadakiss-critical-lyrics
2015	Jadakiss (Ft. Styles P)	Synergy by Jadakiss (Ft. Styles P)	Benz truck) / When I was 19, I said I could sell a key a day / (It ain't hard work	https://genius.com/Jadakiss-synergy-lyrics
2015	Lil Frostino (Ft. Ampichino & Lil Joe (KC Rapper))	I Can Feel You by Lil Frostino (Ft. Ampichino & Lil Joe (KC Rapper))	and Amp in the hood, tryin' to off a key / 30 round clips, in case they try to off a	https://genius.com/Lil-frostino-i-can-feel-you-lyrics
2015	Lil Uzi Vert	Juiceman by Lil Uzi Vert	aye / Whippin' that white with my dark hoe, aye / Quarter brick, half a brick, thirty six hundred / All of these	https://genius.com/Lil-uzi-vert-juiceman-lyrics
2015	Migos	Aight by Migos	Ms counting up hundos, aight / Plug said he got  twenty bricks for me / I'm bout to pull up, aight	https://genius.com/Migos-aight-lyrics
2015	Rick Ross	Carol City by Rick Ross	to go legit / At the car wash on 27th was a pastime / Pay for 60 keys all at once just	https://genius.com/Rick-ross-carol-city-lyrics
2015	Rick Ross (Ft. Future)	Neighborhood Drug Dealer (Remix) by Rick Ross (Ft. Future)	I keep that dog with me nigga / I charge 90 a brick for a nigga / I got that food on	https://genius.com/Rick-ross-neighborhood-drug-dealer-remix-lyrics
2015	Scarface (Ft. Nas, Rick Ross & Z-Ro)	Do What I Do by Scarface (Ft. Nas, Rick Ross & Z-Ro)	26 inch plates on a 68 / Where I'm from a half a key'll set a nigga straight / I	https://genius.com/Scarface-do-what-i-do-lyrics
2015	iLoveMakonnen (Ft. Migos & Rich The Kid)	Whip It (Remix) by iLoveMakonnen (Ft. Migos & Rich The Kid)	the block, we got quality / Breaking my wrist, tryna whip a key / I was 12 with a felony / Sipping lean	https://genius.com/Ilovemakonnen-whip-it-remix-lyrics
2015	£R MMF (Ft. C Biz)	The Game's Mine by £R MMF (Ft. C Biz)	less / Fuck a 10 I'm in the den / I sell a brick I'm makin 10 / Free my little	https://genius.com/R-mmf-the-games-mine-lyrics
2016	Anthony Jay Sanders	I Could Pass Tonight by Anthony Jay Sanders	a fight / I got fired for the first time at twenty-one / The Second City threw a brick weighing twenty	https://genius.com/Anthony-jay-sanders-i-could-pass-tonight-lyrics
2016	Baby E (Ft. HoodyBaby & Lil Wayne)	Bando by Baby E (Ft. HoodyBaby & Lil Wayne)	me manage / With that white girl, disappear, Vanish / Sell a whole thing for 32 like magic / Pull up with the	https://genius.com/Baby-e-bando-lyrics
2016	Benny the Butcher (Ft. 38 Spesh & Conway the Machine)	3 Missiles by Benny the Butcher (Ft. 38 Spesh & Conway the Machine)	the money, then she go get the product / Spent 60 grand on a brick of diesel for dollars / I could	https://genius.com/Benny-the-butcher-3-missiles-lyrics
2016	Fredo (Ft. Little Torment, Nafe Smallz, Yung Fume & Yxng Bane)	They Ain’t 100 (Remix) by Fredo (Ft. Little Torment, Nafe Smallz, Yung Fume & Yxng Bane)	for the whole week / A thousnad grams, man, that's a whole key / 28, that's a OZ (Woo) / (No	https://genius.com/Fredo-they-aint-100-remix-lyrics
2016	Friday Ricky Dred (Ft. May (Singer))	After Hours by Friday Ricky Dred (Ft. May (Singer))	got her hand / Know I understand / Know I gotta flip a brick and make thirty grand / She know that I	https://genius.com/Friday-ricky-dred-after-hours-lyrics
2016	Gatos Comuneros	Hello by Gatos Comuneros	ozone (Hello) / This Scorpio Sub Zero / 27 years old, worth a thousand Kilos / Belenciaga Records esos son los mios (hello	https://genius.com/Gatos-comuneros-hello-lyrics
2016	K.I.D GuacamoleGodd (Ft. Lil Durk)	100 Clip by K.I.D GuacamoleGodd (Ft. Lil Durk)	on your block and you ain't poppin' out (Glahh) / Thirty K for a brick and we might make a	https://genius.com/Kid-guacamolegodd-100-clip-lyrics
2016	Killer Mike	Saks Fifth by Killer Mike	43 / I don’t really give a fuck they charging 30 for a key / I break a brick down too	https://genius.com/Killer-mike-saks-fifth-lyrics
2016	Tacocat	I Hate the Weekend by Tacocat	job / Just to act like a fucking slob / Save 16 bricks for the façade / I hate the weekend / I hate	https://genius.com/Tacocat-i-hate-the-weekend-lyrics
2016	Westside Gunn	Summerslam 88 by Westside Gunn	I'm looking like a Off-White look-book / Two bricks for 50, that's a good look / My chain	https://genius.com/Westside-gunn-summerslam-88-lyrics
2016	Westside Gunn (Ft. Conway the Machine & Roc Marciano)	Omar's Coming by Westside Gunn (Ft. Conway the Machine & Roc Marciano)	m the shit / Ten chains in math class, dreamin' of a brick / Thirty-six ounces back-to-back for a	https://genius.com/Westside-gunn-omars-coming-lyrics
2016	Yo Gotti	Mitch by Yo Gotti	pay / 'Cause I'm money making Mitch, I want 30 for a brick / I want 100 for a show and	https://genius.com/Yo-gotti-mitch-lyrics
2017	Big 36oz (Ft. 21 Savage)	Push Up by Big 36oz (Ft. 21 Savage)	I'm 36 Oz, I'm hard as your house bricks / Want [?] an opp, I pull up and spark the	https://genius.com/Big-36oz-push-up-lyrics
2017	Camp Lo (Ft. Jimmy Cozier)	All the Same by Camp Lo (Ft. Jimmy Cozier)	caviar bananas for y'all, it's like / Milago, menage a / 25 keys with the cargo / We spinnin' out / Bill	https://genius.com/Camp-lo-all-the-same-lyrics
2017	Daniel Clark (Ft. Tomás Tes)	L8 by Daniel Clark (Ft. Tomás Tes)	was wanting them 4 G's / Was wanting like four keys / Was wishing for soul beats / Was wishing someone could	https://genius.com/Daniel-clark-l8-lyrics
2017	Future	Draco by Future	falling off and never quit (Yeah) / I retired cookin' up a brick (Woah) / Certified nigga out the 6 (Yeah) / Who	https://genius.com/Future-draco-lyrics
2017	Future	Scrape by Future	guts with the 'matic / Throw half a brick at Magic / 18-5 on a Monday / I'ma renegade with the	https://genius.com/Future-scrape-lyrics
2017	G-Eazy (Ft. 24hrs, E-40 & MadeinTYO)	Shake It Up by G-Eazy (Ft. 24hrs, E-40 & MadeinTYO)	gotta like me / 36-zipper from a ounce to a key / I wanna thank you OB for your presidency / For	https://genius.com/G-eazy-shake-it-up-lyrics
2017	Gucci Mane	Smiling in the Drought by Gucci Mane	legit / Soon as I got that 20 mil I bought a thousand bricks / Bought my bitch a dog named Dollar	https://genius.com/Gucci-mane-smiling-in-the-drought-lyrics
2017	Gucci Mane, Boo Banga & Bottle Boyz	Dope by Gucci Mane, Boo Banga & Bottle Boyz	thangs, that's if you really want some work / When a brick was twenty-six, it got me goddamn rich	https://genius.com/Gucci-mane-boo-banga-and-bottle-boyz-dope-lyrics
2017	Hoodrich Pablo Juan (Ft. Playboi Carti)	Servin & Swervin by Hoodrich Pablo Juan (Ft. Playboi Carti)	a 30, that Glock hold a 30 / Sell you a bird for the 30 / Good shot like I'm Stephen	https://genius.com/Hoodrich-pablo-juan-servin-and-swervin-lyrics
2017	Loso Loaded (Ft. Big 36oz & Lotto Savage)	Ringing by Loso Loaded (Ft. Big 36oz & Lotto Savage)	on me / 5, 6, 7 phones ringing off the hook / Brick prices so low, have your ass shook / 23 [?] and	https://genius.com/Loso-loaded-ringing-lyrics
2017	Loso Loaded (Ft. Marlo & Young Scooter)	Shot Callin by Loso Loaded (Ft. Marlo & Young Scooter)	jockin', steady callin' / I want 10K, I want 10K for a show / Thirty-six for a brick, catch me ballin	https://genius.com/Loso-loaded-shot-callin-lyrics
2017	MLK+ (Ft. Ameriqa, May Wave$, O.T & Ploty)	Thank God My Bitch Bad by MLK+ (Ft. Ameriqa, May Wave$, O.T & Ploty)	- Да / - Да? / - Да-да, с ключами / I get a key, угу / Ей 21, но не Savage / Отличница любит, чтоб	https://genius.com/Mlk-thank-god-my-bitch-bad-lyrics
2017	Malice	So Woke by Malice	Cause ain't ery' body a saint; fleur Di lis / 25 to life for a mere quarter key / Thanks to	https://genius.com/Malice-so-woke-lyrics
2017	Philthy Rich	Another One by Philthy Rich	all blue hundreds, done fucked around and count another one / Thirty thou for a brick of soft, man fuck it	https://genius.com/Philthy-rich-another-one-lyrics
2017	Quelle Chris (Ft. Denmark Vessey & eLZhi)	Don't Get Changed by Quelle Chris (Ft. Denmark Vessey & eLZhi)	you, you / I got 35 brothers / Swear that I'm a certified killer / Low-key I don't fuck with	https://genius.com/Quelle-chris-dont-get-changed-lyrics
2017	Shoreline Mafia	Break a Bitch Bacc by Shoreline Mafia	don't try to be me / Rob Vicious, Sprite remix / Thirty-six in a brick, and I sell it by	https://genius.com/Shoreline-mafia-break-a-bitch-bacc-lyrics
2017	SprngBrk (Ft. O.T. Genasis)	Tuh by SprngBrk (Ft. O.T. Genasis)	Like woah) / Black nigga like to rob, woah (Woah, tuh) / Thirty for a brick, low (Real low, tuh) / Whip over	https://genius.com/Sprngbrk-tuh-lyrics
2017	Talib Kweli (Ft. Waka Flocka Flame)	Chips by Talib Kweli (Ft. Waka Flocka Flame)	Where my 40 at? / My shit a event, you shit a show / Nigga I could still get a brick for	https://genius.com/Talib-kweli-chips-lyrics
2017	Trapp Tarell	Santa the Plug Story by Trapp Tarell	look, I think Grinch is out here playin foul." / Your bricks go for 25, he sellin' them for 10 / Only	https://genius.com/Trapp-tarell-santa-the-plug-story-lyrics
2017	Veridian Rays	Shattered Glass by Veridian Rays	(Verse 1) / The walls went up brick by silent brick / Fueled by the whispers, the hurt, and the trick	https://genius.com/Veridian-rays-shattered-glass-lyrics
2017	W.Bricks	Carlin Isles by W.Bricks	Plug ou ka vini tchek mwen pass i bizouin en price / Bricks ba kissa sé méssié kon dé lamery ? / 80	https://genius.com/Wbricks-carlin-isles-lyrics
2017	Westside Gunn (Ft. Conway the Machine & Royce Da 5'9")	100,000 Machine Gunz by Westside Gunn (Ft. Conway the Machine & Royce Da 5'9")	twenty over crack sales / Human Made hoodie, jacket pastel / Push a gold plated 'Rari (Skrrrrrrrrr) / A thousand bricks cracked the	https://genius.com/Westside-gunn-100000-machine-gunz-lyrics
2017	Zeroh	28GRAMS (regular) by Zeroh	I just wanna play / Even though I'm boutta turn 28 / Better than actin a fucking fool / Low key rude	https://genius.com/Zeroh-28grams-regular-lyrics
2018	Avantdale Bowling Club	Home by Avantdale Bowling Club	than the rent / The government sitting on its fat assets, 25 mil on a flag test / New Key, same monarchy	https://genius.com/Avantdale-bowling-club-home-lyrics
2018	Azizi Gibson	Trap Reaper Parody by Azizi Gibson	shit 'cause I'm rich / Pardon me I just bought a key / 12-6 watch that bitch flee / 10-4	https://genius.com/Azizi-gibson-trap-reaper-parody-lyrics
2018	Deniro Farrar	Key To The Door by Deniro Farrar	the door / My nigga move keys of the dope (woo) / Whole thing for the 41, just bought a choppa for	https://genius.com/Deniro-farrar-key-to-the-door-lyrics
2018	Dion Lekeith (Ft. Wallah Magic)	How You Trying to Roll by Dion Lekeith (Ft. Wallah Magic)	I can beat / Freaky Tah, RIP / Got me feeling like a key / 30 grand I'll pay the fee / Bladder	https://genius.com/Dion-lekeith-how-you-trying-to-roll-lyrics
2018	G Herbo	No Depression by G Herbo	cost four G's, know you wanna see my Porsche keys / Forty more on the dashboard, homie got a GT	https://genius.com/G-herbo-no-depression-lyrics
2018	JayDaYoungan	Wake Up by JayDaYoungan	get off my dick / Stepped out and I look like a brick / Thirty bands, I put that on my wrist	https://genius.com/Jaydayoungan-wake-up-lyrics
2018	K-Trap	Daily Duppy (2018) by K-Trap	t stand the loss / I just off'd me two bricks, that’s 10 grand in prof / Half a brick	https://genius.com/K-trap-daily-duppy-2018-lyrics
2018	Lil Baby & Gunna	Business Is Business by Lil Baby & Gunna	got on Soldier Re's, they're classics / I got a 31 doin' gymnastics / I sold a brick, it was	https://genius.com/Lil-baby-and-gunna-business-is-business-lyrics
2018	PierreXavier	Drop Out by PierreXavier	got a push to start while I still got the keys / Dropped out at 19 / My brother still mad at	https://genius.com/Pierrexavier-drop-out-lyrics
2018	Reborn	Old Me by Reborn	chains holding me / I keep, I be quoting Romans 8:28, that's a key / I don't convince that	https://genius.com/Reborn-old-me-lyrics
2018	Young Scooter	Plug Lingo by Young Scooter	nigga, I speak plug lingo / Like how I sell a bird for twenty and they cost three-oh / I know	https://genius.com/Young-scooter-plug-lingo-lyrics
2018	Young Scooter (Ft. Kodak Black)	No Features by Young Scooter (Ft. Kodak Black)	Lost a hundred racks with Brady, I'ma bet again / Twenty-six a brick, you can them LeVeon / Damn, watch	https://genius.com/Young-scooter-no-features-lyrics
2019	Blacc Cuzz	Intro by Blacc Cuzz	fu** em who stopping me / And my pinky ring cost 30 racks a whole key to me / I’m in	https://genius.com/Blacc-cuzz-intro-lyrics
2019	Bright Campa	Real Gangsta by Bright Campa	borrowed, 20 to a 40 / Like my bars, it will cost a bird to chirp / In a freestyle, you'll	https://genius.com/Bright-campa-real-gangsta-lyrics
2019	Conway the Machine	The Basement by Conway the Machine	Naw, none of that shit) / Y'all niggas 17, sellin' a key a day (Uh-huh) / Jack-boys jumpin' out	https://genius.com/Conway-the-machine-the-basement-lyrics
2019	Cookie Money	Street Visions by Cookie Money	need an ambulance / I'm low-key smokin' weed in a caravan / Thirty for a brick, I ain't never	https://genius.com/Cookie-money-street-visions-lyrics
2019	Cookie Money (Ft. Elzie)	No Forfeit by Cookie Money (Ft. Elzie)	stay silent, keep it all five G / Twenty dollars for a solid, 30 thousand a key / A real nigga speakin	https://genius.com/Cookie-money-no-forfeit-lyrics
2019	Freddie Gibbs & Madlib	Fake Names by Freddie Gibbs & Madlib	They was getting shit for seventeen / Tossin' shit to me for twenty-eight / Bricks go for thirty-one, I barely	https://genius.com/Freddie-gibbs-and-madlib-fake-names-lyrics
2019	Genius English Translations	Скриптонит (Scriptonite) - Колёса (Kolesa) (English Translation) by Genius English Translations	twenty / Twenty or fewer grand on all cases and kicks / Grand on «once upon a time» / This brick could be	https://genius.com/Genius-english-translations-scriptonite-kolesa-english-translation-lyrics
2019	Gucci Mane	Snow by Gucci Mane	like "Beep" (Beep) / This ain't a mixtape, all my bricks cost a fee (Skrrt) / I-20 Gucci Mane, bitch	https://genius.com/Gucci-mane-snow-lyrics
2019	Hamza (Ft. 13 Block)	Clic clac by Hamza (Ft. 13 Block)	ken en boucle / Puis j'la tej en route / Là c'est Saucegod, 13 Blo / Chop bricks sur l'tempo	https://genius.com/Hamza-clic-clac-lyrics
2019	LOM Rudy (Ft. Peezy)	Fuck Rap by LOM Rudy (Ft. Peezy)	streets a break / How I'ma eat? I heard the bricks went up to 38 / They got some strong blow	https://genius.com/Lom-rudy-fuck-rap-lyrics
2019	Leeky Bandz (Ft. Gunna)	Picasso by Leeky Bandz (Ft. Gunna)	She poured a fourth like I'm sick / It's thirty-five for a brick / Watch how I'm whippin	https://genius.com/Leeky-bandz-picasso-lyrics
2019	Lil B	BasedWorld Made Man by Lil B	two for three / I got the verses and they goin' 25 a key / I got a lotta cake / Movie stay	https://genius.com/Lil-b-basedworld-made-man-lyrics
2019	Majorlilkween (Ft. Genka)	25 Playboy by Majorlilkween (Ft. Genka)	25 bitches in a Playboy mansion / 25 bandz in a Playboy mansion / 25 keys in a Playboy mansion / 25 wraiths	https://genius.com/Majorlilkween-25-playboy-lyrics
2019	Mustard & Migos	Pure Water by Mustard & Migos	coast 6-4 jump like a trampoline (6-4) / Take a brick out, put it on a triple beam (Brick	https://genius.com/Mustard-and-migos-pure-water-lyrics
2019	OJ da Juiceman	Bricks & Pots by OJ da Juiceman	then I get some money / 36 cost 30 flat, chopping bricks like lumberjacks / Copping bricks like running backs, once you	https://genius.com/Oj-da-juiceman-bricks-and-pots-lyrics
2019	Peso Peso	Da Bottom by Peso Peso	Ayy) / Got it for twenty-five, then I charge thirty for the brick / Trappers out, fuck the law, we ain	https://genius.com/Peso-peso-da-bottom-lyrics
2019	Peso Peso (Ft. SSG Splurge)	No Names by Peso Peso (Ft. SSG Splurge)	t get up / I was 16 when I was pickin bricks up / Nigga want grease, hit your whole clique up	https://genius.com/Peso-peso-no-names-lyrics
2019	Real Talk (Ft. Boro, Don Cash, Karmah Cruz & Oliver aka Kuma)	Real Talk EXTRA- Boro Boro B35 by Real Talk (Ft. Boro, Don Cash, Karmah Cruz & Oliver aka Kuma)	maybe 3 or 4 / Good body gyal olied up like a key of raw / Courtesy of mi amour / Shit what	https://genius.com/Real-talk-real-talk-extra-boro-boro-b35-lyrics
2019	SSG Splurge (Ft. Peso Peso)	No Names by SSG Splurge (Ft. Peso Peso)	up (Blaw, blaw) / I was sixteen when I was pickin' bricks up / Nigga want grease, hit yo' whole clique up	https://genius.com/Ssg-splurge-no-names-lyrics
2019	Stack Bundles	Stand Up by Stack Bundles	mad 'cause I get it for half, that's six a zone / Twenty-two a brick, twenty-two on whips	https://genius.com/Stack-bundles-stand-up-lyrics
2019	The Plug (Ft. Anine (UK), Polo G & Swarmz)	Telescope by The Plug (Ft. Anine (UK), Polo G & Swarmz)	Trap jump like 23 / I just re-repeat / I just sold a key / All these notes on me / Your life	https://genius.com/The-plug-telescope-lyrics
2019	YFN Lucci (Ft. Jeezy & T.I.)	Trap by YFN Lucci (Ft. Jeezy & T.I.)	a 36, I'm 'bout to turn the team over / Coppin' dirty bricks, I need some Aquafina / I'm in	https://genius.com/Yfn-lucci-trap-lyrics
2019	YG (Ft. Arin Ray, Meek Mill & Rose Gold)	Heart 2 Heart by YG (Ft. Arin Ray, Meek Mill & Rose Gold)	me at least twenty times / He in the hood selling bricks, tryna flip a nine / Got locked, went up for	https://genius.com/Yg-heart-2-heart-lyrics
2020	2 Chainz (Ft. Kevin Gates)	Ziploc by 2 Chainz (Ft. Kevin Gates)	eight grams in the Ziploc (Ziploc) / Graduated, I can make a brick lock / Twenty-eight grams in the Ziploc (Ziploc	https://genius.com/2-chainz-ziploc-lyrics
2020	Benny the Butcher	3:30 in Houston by Benny the Butcher	Yeah, extra twenty off a brick / Those the benefits of a drought, nigga / I can't even sit on a	https://genius.com/Benny-the-butcher-3-30-in-houston-lyrics
2020	Boldy James	Maria by Boldy James	Bo Jackson / Whattup doe, Trey-Fo'? / Bruno, Bricks / Costo, Free Lethal (2-2-7) / Quezo, ConCreatures / It's Game Time	https://genius.com/Boldy-james-maria-lyrics
2020	Cash Cola & RonDaDon (Ft. Louie Ray & RMC Mike)	Gettin Off by Cash Cola & RonDaDon (Ft. Louie Ray & RMC Mike)	Met a new plug in Sanfransisco / Tryna move a quarter brick per day off my flip phone / Bitch called 5	https://genius.com/Cash-cola-and-rondadon-gettin-off-lyrics
2020	Chance the Rapper (Ft. Lil Wayne & Young Thug)	Instagram Song 8 (CWYN) by Chance the Rapper (Ft. Lil Wayne & Young Thug)	my dick (Ah, ah) / Got my shit imported to Dubai for a key (Ah, ah) / Twenty rings on my muhfuckin	https://genius.com/Chance-the-rapper-instagram-song-8-cwyn-lyrics
2020	Chezi (Ft. Los (DET))	On the Road by Chezi (Ft. Los (DET))	24/7 nigga 7 days a week / Started off with 28 I turned that bitch to a key / I'm	https://genius.com/Chezi-on-the-road-lyrics
2020	Conway the Machine & The Alchemist	Calvin by Conway the Machine & The Alchemist	this is? / Yeah, it's coke / Yes, but that's a kilo of coke / How much it's worth? / Twenty	https://genius.com/Conway-the-machine-and-the-alchemist-calvin-lyrics
2020	D-Lo116 (Ft. 116 Poax Productions: AVI)	36 by D-Lo116 (Ft. 116 Poax Productions: AVI)	six / Th-Th-Thirty six / Thirty six Oz issa liq / Thirty six zips in a brick / Thirty six Oz in	https://genius.com/D-lo116-36-lyrics
2020	E-40 (Ft. Stresmatic)	Slices by E-40 (Ft. Stresmatic)	Strips?) / There's 28 bones in a pack of dominoes / A thousand grams in a kilo / Eight pawns on a	https://genius.com/E-40-slices-lyrics
2020	EST Gee (Ft. 42 Dugg)	Members Only by EST Gee (Ft. 42 Dugg)	they last with me, ain't never had one / Thirty bricks for thirty-three a piece, I'm tryna grab	https://genius.com/Est-gee-members-only-lyrics
2020	EST Gee (Ft. Yo Gotti)	Get Money by EST Gee (Ft. Yo Gotti)	about that money, yeah / Big Gotti, plug talk, CMG / 10 bricks for yo advance, you signed to the streets / Urus	https://genius.com/Est-gee-get-money-lyrics
2020	EST Gee (Ft. Yo Gotti)	Get Money by EST Gee (Ft. Yo Gotti)	say 'Forty', I ain't talkin' bout a strap, but a key / Streets lucky, boy I just might send a	https://genius.com/Est-gee-get-money-lyrics
2020	Fate Gryndhouse	Don't Run Off On The Plug by Fate Gryndhouse	mean a wife and she hella nice say u wanna brick 33 the price tell me what you need I	https://genius.com/Fate-gryndhouse-dont-run-off-on-the-plug-lyrics
2020	FredRarrii (Ft. Moneybagg Yo)	Hellcat by FredRarrii (Ft. Moneybagg Yo)	and tell that (Yeah) / Thirty on my wrist, that's a brick (Check) / Twenty in Hermes on my chick (Check	https://genius.com/Fredrarrii-hellcat-lyrics
2020	Freeze Corleone (Ft. Stavo)	Numérologie by Freeze Corleone (Ft. Stavo)	dépassé le quart et la moitié depuis, trois fois, nonante kilos / Formation 9.3 (ekip), sur la liste : neuf proies	https://genius.com/Freeze-corleone-numerologie-lyrics
2020	Future (Ft. DaBaby, Drake & Lil Baby)	Life Is Good (Remix) by Future (Ft. DaBaby, Drake & Lil Baby)	t been the same since (Woah) / Spent thirty racks on a rap bitch, could've went and bought a brick	https://genius.com/Future-life-is-good-remix-lyrics
2020	Geny Luv	Oak by Geny Luv	d-d-d-d-d-dip / Ay / On my shit thirty dollars on a brick / Ay / Back of the house	https://genius.com/Geny-luv-oak-lyrics
2020	GrindHard E (Ft. Rio Da Yung OG)	Against The Wall by GrindHard E (Ft. Rio Da Yung OG)	and couldn't wake up, feel like I'm in a coma / You said thirty-six for a brick, can	https://genius.com/Grindhard-e-against-the-wall-lyrics
2020	Haftbefehl & Gucci Mane	Ice by Haftbefehl & Gucci Mane	cool it be, I flock two hoes (It's Gucci) / Bricks go for thirty-three, my bricks still in puberty	https://genius.com/Haftbefehl-and-gucci-mane-ice-lyrics
2020	ILL BILL (Ft. Lord Goat & Sabac)	WATCH THE CITY BURN by ILL BILL (Ft. Lord Goat & Sabac)	Purple Piff, house on the cliff / Fluffy duffel bags, eighteen thousand a brick / Dummies hustle grams, pay me on top	https://genius.com/Ill-bill-watch-the-city-burn-lyrics
2020	JS (FR)	Mélodie du ghetto by JS (FR)	Mélodie du ghetto x2 / [Couplet 1]  (Seler) / Passer du me-gra au kilo , c'est son seul diplôme / La rue	https://genius.com/Js-fr-melodie-du-ghetto-lyrics
2020	Kevin Gates	Wonderland by Kevin Gates	bitty bitch / Flip four hunnid like back from the touchdown / Twenty to a brick like damn it's me / Your	https://genius.com/Kevin-gates-wonderland-lyrics
2020	NAV (Ft. Lil Durk)	No Ice by NAV (Ft. Lil Durk)	up (Man up) / My brother hit a lick for thirty bricks, coke price went up / Gotta keep a wham-bam	https://genius.com/Nav-no-ice-lyrics
2020	NAV (Ft. Lil Durk)	No Ice by NAV (Ft. Lil Durk)	up) / My brother hit a lick for thirty bricks, coke price went up / Gotta keep a wham-bam, righthand man	https://genius.com/Nav-no-ice-lyrics
2020	Nuk & Rio Da Yung OG	Opioid by Nuk & Rio Da Yung OG	I'll run through your trap for that cheddar cheese / A hundred pack, twenty for a brick, plug from Lebanese	https://genius.com/Nuk-and-rio-da-yung-og-opioid-lyrics
2020	Potter Payper	Kings Blood by Potter Payper	thicker than 40 thieves / Masterchefin', 'bout to whip me up a quarter key / Was it the man or the myth	https://genius.com/Potter-payper-kings-blood-lyrics
2020	Rio Da Yung OG	Aggressiveness by Rio Da Yung OG	with thirty racks, told her wish me well / Who got a brick for sale? / I got three pints of Wockhardt	https://genius.com/Rio-da-yung-og-aggressiveness-lyrics
2020	Smoke DZA (Ft. T-Pain)	Dark Web by Smoke DZA (Ft. T-Pain)	till we enter / It'll be a cold winter / 25 keys was delivered / A nigga like me is a winner	https://genius.com/Smoke-dza-dark-web-lyrics
2020	Smoke DZA (Ft. T-Pain)	Dark Web by Smoke DZA (Ft. T-Pain)	trees till we enter / It'll be a cold winter / 25 keys was delivered / A nigga like me is a	https://genius.com/Smoke-dza-dark-web-lyrics
2020	Tee Grizzley (Ft. Payroll Giovanni)	Payroll by Tee Grizzley (Ft. Payroll Giovanni)	to stay, I told the bitch, "Leave" / This watch over thirty K, this a brick sleeve / This some small beneficial	https://genius.com/Tee-grizzley-payroll-lyrics
2020	Trinder (Ft. DEEZY®400)	Baddie by Trinder (Ft. DEEZY®400)	just hit a lick / I ain’t hit one in a bit / Got a 40 with a key / I intend	https://genius.com/Trinder-baddie-lyrics
2020	Tripstar	Hop Out by Tripstar	a lot of packs in the suitcase / Trap nigga cooked twenty racks off a mixtape / Brick came in, it was	https://genius.com/Tripstar-hop-out-lyrics
2020	Zaytoven (Ft. OJ da Juiceman, Yung LA & Yung Ralph)	EA LEGENDS by Zaytoven (Ft. OJ da Juiceman, Yung LA & Yung Ralph)	still got the weight (Ayy, ayy, ayy, wait) / No more pain, sold the bricks for twenty-eight (Ayy, ayy, ayy	https://genius.com/Zaytoven-ea-legends-lyrics
2021	3MFrench (Ft. Pengz & Two-Two)	Lizzie McGuire by 3MFrench (Ft. Pengz & Two-Two)	the plug, he told me, "That price is regular, forty thousand for a brick" (Birds) / My nayaas they go from	https://genius.com/3mfrench-lizzie-mcguire-lyrics
2021	3MFrench (Ft. Pengz & Two-Two)	Lizzy McGuire by 3MFrench (Ft. Pengz & Two-Two)	the plug, he told me, "That price is regular, forty thousand for a brick" (Birds) / My nayaas they go from	https://genius.com/3mfrench-lizzy-mcguire-lyrics
2021	ACE (UK Drill) & Kwengface	Slowly by ACE (UK Drill) & Kwengface	All of my money gets multiplied ('Plied) / Fifty on a brick, that's overpriced (Price) / Twenty on the wrist, that	https://genius.com/Ace-uk-drill-and-kwengface-slowly-lyrics
2021	ArrDee	[ArrDee] Plugged In Freestyle by ArrDee	been here from early / Me and Mitch was splitting up a key for thirty / Now the thots are thirty and	https://genius.com/Arrdee-arrdee-plugged-in-freestyle-lyrics
2021	Call Me Schosa	Schotivation by Call Me Schosa	with the Heat / That’s plug talk on vacations for 28 a key / I know some niggas ain’t make	https://genius.com/Call-me-schosa-schotivation-lyrics
2021	Country Dons (Ft. GRM Daily)	Daily Duppy by Country Dons (Ft. GRM Daily)	40 for a key, and you know I ain't a locksmith / So lit, might turn a protest to a	https://genius.com/Country-dons-daily-duppy-lyrics
2021	Genius English Translations	ZEU - 2X FEAT. SOUL6 (English Translation) by Genius English Translations	plan at least 2 catches / X2 filtered, bitch, need the kilo for 2.4 / Need the kilo for 2.4	https://genius.com/Genius-english-translations-zeu-2x-feat-soul6-english-translation-lyrics
2021	Icewear Vezzo	5 Mill by Icewear Vezzo	a sinner to a nun / Fetti takin' two, can get a brick for twenty-one / Hit the crib, we threw	https://genius.com/Icewear-vezzo-5-mill-lyrics
2021	Icewear Vezzo	Live In STL by Icewear Vezzo	with that thirty on it, he do the jumping jacks / Sold a brick, took a basket out it, gave a	https://genius.com/Icewear-vezzo-live-in-stl-lyrics
2021	Icewear Vezzo (Ft. Future)	Tear the Club Up by Icewear Vezzo (Ft. Future)	a curb (Skrrt) / Rollie blown and it's Audemars, this cost me thirty birds (Cost me thirty birds) / Told my	https://genius.com/Icewear-vezzo-tear-the-club-up-lyrics
2021	Joell Ortiz	In My Feelings by Joell Ortiz	I'm weaving 'em let's begin / In '07 the Brick dropped, Hip Hop made a pit stop / On this	https://genius.com/Joell-ortiz-in-my-feelings-lyrics
2021	Jordan (UK)	Daily Duppy by Jordan (UK)	on my knees / 9 grand upfront 6 months on the keys / Next day 9 grand went and fixed up my	https://genius.com/Jordan-uk-daily-duppy-lyrics
2021	Kwengface	Chef by Kwengface	I can't lie when I leave my yard / I bring my keys, ying or blikks (Mm-mm) / Zone 2	https://genius.com/Kwengface-chef-lyrics
2021	LiQ (Ft. ZayK)	Coolin Kit by LiQ (Ft. ZayK)	more gotta urge / I got like 3 on my neck cost a bird / Mixing to much what I drink gotta	https://genius.com/Liq-coolin-kit-lyrics
2021	Peezy	I’m Good, Pt. 6 by Peezy	motherfuckin' square? (Ghetto Boyz) / Forty on the watch, that's a motherfuckin' square (A brick) / And twenty more stacks for	https://genius.com/Peezy-im-good-pt-6-lyrics
2021	Rick Ross (Ft. The-Dream & Willie Falcon)	Little Havana by Rick Ross (Ft. The-Dream & Willie Falcon)	fizz / Double M the kids, now we back to biz' / Thirty-six a brick, baby, here it is / My niggas	https://genius.com/Rick-ross-little-havana-lyrics
2021	Rx Papi	Daisy Lane by Rx Papi	goofy ass niggas be doing it for fame / Study for a ten thirty for a brick shit tell me what	https://genius.com/Rx-papi-daisy-lane-lyrics
2021	TVGUCCI	Gangsta Gentleman by TVGUCCI	keep a 30', extendo with me / I came for quarter keys, flipping up half a ? / Whippin' that masterpiece / Feeling like	https://genius.com/Tvgucci-gangsta-gentleman-lyrics
2021	YG Teck (Ft. Pooh Shiesty)	Trap Mode by YG Teck (Ft. Pooh Shiesty)	clippin', I done got my phone up (Bang) / I made a buck-thirty off a brick of coke in a	https://genius.com/Yg-teck-trap-mode-lyrics
2021	Yung Beef (Ft. Roydee)	SANTUARIO 2 by Yung Beef (Ft. Roydee)	de sufri' / Fuckboy, to' las zorra' 'tá aquí / Tengo los kilos for cheap / And sixteen for clips, prr-prr / Prr	https://genius.com/Yung-beef-santuario-2-lyrics
2021	ghostsinaloa (Ft. Savoke)	In The Morning (Lookin 2) by ghostsinaloa (Ft. Savoke)	wrist (On the wrist) / On the wrist yea that shit cost a brick (Cost a brick) / 9 to 5, yea	https://genius.com/Ghostsinaloa-in-the-morning-lookin-2-lyrics
2022	$ilkMoney	Cuummoney Amiliani by $ilkMoney	a bitch you know what it's costing / I charge 40 keys a feature now / [?] got me seeing sound / Afro	https://genius.com/Ilkmoney-cuummoney-amiliani-lyrics
2022	3MFrench (Ft. Pengz)	Gaza by 3MFrench (Ft. Pengz)	too sauce / See we Roll Roycin' with the roof off / Thirty a brick if you really get two off / Uhh	https://genius.com/3mfrench-gaza-lyrics
2022	Certified Trapper	Dump Woo by Certified Trapper	with my hoe bih / Hunnid twenty G's, pop nigga want four bricks / I pull up to the kickback, nigga	https://genius.com/Certified-trapper-dump-woo-lyrics
2022	Drego & Beno	Provolone by Drego & Beno	the game, he play for the Mets / Could make one-twenty off a brick, yeah, I'm a vet / Bitch	https://genius.com/Drego-and-beno-provolone-lyrics
2022	Drego & Beno	Slatt Season 5 by Drego & Beno	I keep this shit a buck just like Giannis / I paid twenty thousand for the brick, he get it on	https://genius.com/Drego-and-beno-slatt-season-5-lyrics
2022	Freddie Gibbs (Ft. Benny the Butcher & Hit-Boy)	McLovin by Freddie Gibbs (Ft. Benny the Butcher & Hit-Boy)	brought twenty-two back / Bitch, what you trippin' on? / Just sold a brick, still down to whip a song / I	https://genius.com/Freddie-gibbs-mclovin-lyrics
2022	Justen Kilgore	Justen Kilgore - Get Em Off by Justen Kilgore	500k still spending off some smart carts / I can fit 25 keys in a smart car / Pull up lil closer	https://genius.com/Justen-kilgore-justen-kilgore-get-em-off-lyrics
2022	Knowledge The Pirate & Big Ghost Ltd	Sweetwater by Knowledge The Pirate & Big Ghost Ltd	boy / Gifts under the tree, purple truffle for twenty five a P / Bricks of that raw for thirty-five a	https://genius.com/Knowledge-the-pirate-and-big-ghost-ltd-sweetwater-lyrics
2022	Loe Shimmy	Wake Em Up by Loe Shimmy	don't reach, I up this automatic Generation 4 / Want a thousand bricks just like El Chapo, ain't tryna	https://genius.com/Loe-shimmy-wake-em-up-lyrics
2022	OHGEESY	Gallery by OHGEESY	the hips / Bought her two BBLs and it cost a brick / Dropped a twenty ball in Gallery Department / Spent a	https://genius.com/Ohgeesy-gallery-lyrics
2022	Peezy, Jeezy & Real Boston Richey (Ft. Rob49)	2 Million Up (Remix) by Peezy, Jeezy & Real Boston Richey (Ft. Rob49)	sold a brick or two (Two), don't make you a trapper (Nah) / Over twenty million sold (What?) and that	https://genius.com/Peezy-jeezy-and-real-boston-richey-2-million-up-remix-lyrics
2022	SpliffJit	Never Liked Me by SpliffJit	my shit together) / Fuck a twenty-eight, put me a brick together (Put a brick together) / Go half on a	https://genius.com/Spliffjit-never-liked-me-lyrics
2022	TVGUCCI & Smiley	Gangsta Gentleman Remix by TVGUCCI & Smiley	keep a 30', extendo with me / I came for quarter keys, flipping up half a / Whippin' that masterpiece / Feeling like	https://genius.com/Tvgucci-and-smiley-gangsta-gentleman-remix-lyrics
2022	Yo Gotti	Bad Behavior by Yo Gotti	a 36 / I could hang up my jersey, I sold a thousand bricks / They can flame up my jersey, I	https://genius.com/Yo-gotti-bad-behavior-lyrics
2022	Yo Gotti, 42 Dugg & EST Gee	Cold Gangsta by Yo Gotti, 42 Dugg & EST Gee	m tryin', I am) / The price went high, it's thirty a brick (What else, pew) / Water been tight, flyin	https://genius.com/Yo-gotti-42-dugg-and-est-gee-cold-gangsta-lyrics
2022	al.divino (Ft. BoriRock, BRAVDON & SHAYKH HANIF)	DRYWALL by al.divino (Ft. BoriRock, BRAVDON & SHAYKH HANIF)	the game fucked up when the prices is low (Brrt) / A brick like twenty-eight, I used to charge thirty	https://genius.com/Aldivino-drywall-lyrics
2023	Big Daddy Marc	Dreams and Nightmares by Big Daddy Marc	s beef, I turn my enemies to memories / With them bricks they go for 40, ain't no 10 a	https://genius.com/Big-daddy-marc-dreams-and-nightmares-lyrics
2023	Charlie Worsham (Ft. Luke Combs)	How I Learned To Pray (Remix) by Charlie Worsham (Ft. Luke Combs)	When I was sixteen, that set of keys / Was a pair of wings, daddy, pretty please / Can I take her	https://genius.com/Charlie-worsham-how-i-learned-to-pray-remix-lyrics
2023	Dakoda Boutilier (Ft. INDEFINITO555)	Fee Fi by Dakoda Boutilier (Ft. INDEFINITO555)	sit / I got twenty ounce sacks / Fifty pound bricks / A twenty ram with a thirty ought six / I got twenty	https://genius.com/Dakoda-boutilier-fee-fi-lyrics
2023	Fatt Macc	Box God by Fatt Macc	get plenty / I know how to make them birds fly / Twenty-five a brick, exotic bags got my line hot	https://genius.com/Fatt-macc-box-god-lyrics
2023	Joell Ortiz & L'Orange	In My Feelings by Joell Ortiz & L'Orange	I'm weaving 'em let's begin / In '07 the Brick dropped, Hip Hop made a pit stop / On this	https://genius.com/Joell-ortiz-and-lorange-in-my-feelings-lyrics
2023	M Huncho	where you been? by M Huncho	No refunds or exchanges in this shit, okay / Twenty-nine thousand for a brick, today / Eight bags for the Cali	https://genius.com/M-huncho-where-you-been-lyrics
2023	M Huncho	where you been? by M Huncho	ll wait / No refunds or exchanges in this shit, okay / Twenty-nine thousand for a brick, today / Eight bags for	https://genius.com/M-huncho-where-you-been-lyrics
2023	OODareDevil	42 by OODareDevil	yeah I punish you / Tris in cup not 42 / Five bricks go for 42 / Wanna fuck, bitches horny too / Hey	https://genius.com/Oodaredevil-42-lyrics
2023	Why G, Bundog & Money Musik (Ft. Dr. Bushman)	Expendables by Why G, Bundog & Money Musik (Ft. Dr. Bushman)	m makin' these wops off of Signal (Damn) / Twenty-two for that snow, watchin' bricks go (Bricks) / Fifteen for that	https://genius.com/Why-g-bundog-and-money-musik-expendables-lyrics
2023	YOUNG JR (Ft. D-Lo)	On Babies by YOUNG JR (Ft. D-Lo)	the Drac' with me (Got the Drac' with me) / My brick cost twenty-five, shoes 850 (850) / Bitch, I got	https://genius.com/Young-jr-on-babies-lyrics
2023	Young Shiners & EST DonWon	One of One by Young Shiners & EST DonWon	but I'm gon' run it back / Twenty for a brick and it was raw, sold O's for a	https://genius.com/Young-shiners-and-est-donwon-one-of-one-lyrics
2024	Aystar (Ft. Youngest Sav)	Hands On by Aystar (Ft. Youngest Sav)	rip / Boss the price is twenty-five if you're copping a brick / I'm still active on strips / Niggas	https://genius.com/Aystar-hands-on-lyrics
2024	Dimiko	Leave The Door Open by Dimiko	forest 24 for a P / I can make it snow 20.5 for a key / After I got off the	https://genius.com/Dimiko-leave-the-door-open-lyrics
2024	Doc Gruesome	CRVSHOUT by Doc Gruesome	hollow points in the clip / Ten toes in the dirt, thirty hittin' like a brick / Bitch, fuck how you feelin	https://genius.com/Doc-gruesome-crvshout-lyrics
2024	Faiq Ağayev	Prichard Colon: The Fighter Who Inspired Millions by Faiq Ağayev	system in overcoming life’s toughest battles / 3. Awareness is Key / Prichard’s case serves as a reminder of the	https://genius.com/Faiq-agayev-prichard-colon-the-fighter-who-inspired-millions-lyrics
2024	Hackle & Buckshot (IRL)	AIN'T WORTH IT by Hackle & Buckshot (IRL)	your life, got a trick to make you rich (Rich) / Thirty K a brick shipped if you got the fucking	https://genius.com/Hackle-and-buckshot-irl-aint-worth-it-lyrics
2024	Joe Biden & Donald Trump (Ft. Dana Bash & Jake Tapper)	First 2024 Presidential Debate by Joe Biden & Donald Trump (Ft. Dana Bash & Jake Tapper)	Jake Tapper (00:32): / We are live from Georgia, a key battleground state in the race for the White House	https://genius.com/Joe-biden-and-donald-trump-first-2024-presidential-debate-annotated
2024	M. KVED	03 freestyle by M. KVED	ve been cold u cannot battle me / M.j keep a 23 / 2 keys, Walter white yeah I've been	https://genius.com/M-kved-03-freestyle-lyrics
2024	Meekz	Manny by Meekz	bands for a show, still puttin' bands on my dough / Thirty for a brick, couple milli' for a tape / Now	https://genius.com/Meekz-manny-lyrics
2024	Mook TBG (Ft. P3k On 1Thou)	Google a Million (Remix) by Mook TBG (Ft. P3k On 1Thou)	My hood been dry for so long (Yes) / He need a brick, he need a brick / Twenty-five ki's	https://genius.com/Mook-tbg-google-a-million-remix-lyrics
2024	Morrisson	Daily Duppy (2024) by Morrisson	hold my hand / Got a line, I'll give you bricks / Couple grand, a brick of piff / It's twenty	https://genius.com/Morrisson-daily-duppy-2024-lyrics
2024	Morrisson	Daily Duppy (2024) by Morrisson	of piff / It's twenty for the dirty / Give me thirty for a brick of sniff / I rap about the	https://genius.com/Morrisson-daily-duppy-2024-lyrics
2024	Morrisson (Ft. GRM Daily)	Levelled Up (Daily Duppy Pt. 1) by Morrisson (Ft. GRM Daily)	hold my hand / Got a line, I'll give you bricks / Couple grand, a brick of piff / It's twenty	https://genius.com/Morrisson-levelled-up-daily-duppy-pt-1-lyrics
2024	Morrisson (Ft. GRM Daily)	Levelled Up (Daily Duppy Pt. 1) by Morrisson (Ft. GRM Daily)	of piff / It's twenty for the dirty / Give me thirty for a brick of sniff / I rap about the	https://genius.com/Morrisson-levelled-up-daily-duppy-pt-1-lyrics
2024	Peso Pluma & Quavo	PA NO PENSAR by Peso Pluma & Quavo	el blanco pa' no acostarme / 1,008 grams, that's a key / Tomando pa' no pensar / Put it on the	https://genius.com/Peso-pluma-and-quavo-pa-no-pensar-lyrics
2024	RX HECTOR (Ft. YTB Fatt)	Any Occasion by RX HECTOR (Ft. YTB Fatt)	pack touch down like Pat / I spent a twenty on a brick, sent it to Cincinnati, came back with a	https://genius.com/Rx-hector-any-occasion-lyrics
2024	Redman, Naughty By Nature & Queen Latifah (Ft. Artifacts, Channel Live, Heather B., Lady Luck, Lords of the Underground, Nikki D, Rah Digga & Shaquille O'Neal)	Lite It Up by Redman, Naughty By Nature & Queen Latifah (Ft. Artifacts, Channel Live, Heather B., Lady Luck, Lords of the Underground, Nikki D, Rah Digga & Shaquille O'Neal)	get rich over 16's (Let's go) / I never sold a brick, but The Bricks' on my back / So	https://genius.com/Redman-naughty-by-nature-and-queen-latifah-lite-it-up-lyrics
2024	Tommy Cash	HIGH FASHION by Tommy Cash	action, high… (Ooouh) / Diet, I'm on a diet / 40 kilos for my client / A hare, hare, hare / Fly to	https://genius.com/Tommy-cash-high-fashion-lyrics
2024	Tyno Got It	Uncle Drive by Tyno Got It	bow) / Food price went up last week / Now it’s 17 5th for a half a brick (Half a brick	https://genius.com/Tyno-got-it-uncle-drive-lyrics
2024	Victor Rashad (Ft. Cheeky Banter)	Wartime Ready by Victor Rashad (Ft. Cheeky Banter)	minds can experience a little influence / I wanna break down a brick at twenty-four, but I'm soundin' stupid	https://genius.com/Victor-rashad-wartime-ready-lyrics
2024	Wiz Khalifa (Ft. BACKWOOD BRAT & Hardo)	Dress Like This by Wiz Khalifa (Ft. BACKWOOD BRAT & Hardo)	it, I don't talk it, trappin' hard, he antisocial / Twenty for a brick, but want five thousand for the	https://genius.com/Wiz-khalifa-dress-like-this-lyrics
2024	Woodboy Gee	Mind Body and Soul by Woodboy Gee	a brick, I'ma just cut the corner and serve a twenty-eight (It's a brick) / Drive-thru, twenty	https://genius.com/Woodboy-gee-mind-body-and-soul-lyrics
2024	YN Jay (Ft. GrindHard E & Rio Da Yung OG)	US 23 by YN Jay (Ft. GrindHard E & Rio Da Yung OG)	pop you, now you real close to Heaven / Plugged in, twenty-seven for a brick in Houston, Texas / So many	https://genius.com/Yn-jay-us-23-lyrics
2024	cxupsean	Trapn early by cxupsean	This extendo mag, I know this shit hold more than thirty / Chop a brick, bag it up, that's a	https://genius.com/Cxupsean-trapn-early-lyrics
2024	Řezník & Non Phixion	Groupie by Řezník & Non Phixion	the valley, it's their only purpose / Ancient drugs, probably a full key like Tracii Guns / Twenty-five a brick	https://genius.com/Reznik-and-non-phixion-groupie-lyrics
2025	AgnsBill	Trap Fame by AgnsBill	and dimes, I'm tryna make her serve / Thirty-six a brick, I sold him three, now that's a	https://genius.com/Agnsbill-trap-fame-lyrics
2025	Buani	Kennedy by Buani	t assassinate me / Never sold drugs / But if I did, 20 a key / Bad bitch text me / Buani are you	https://genius.com/Buani-kennedy-lyrics
2025	Clipse	So Be It by Clipse	8-ball, LV / I can show you how to bust a brick if you let me / I monogram like confetti	https://genius.com/Clipse-so-be-it-lyrics
2025	DJ Vlad	Ali Siddiq on Finding Out His Father Smoked C***k After Dad Got Robbed by DJ Vlad	drug dealer. And I'm like, "Oh, let's buy a kilo together." So I gave him 17 thousand. He	https://genius.com/Dj-vlad-ali-siddiq-on-finding-out-his-father-smoked-ck-after-dad-got-robbed-annotated
2025	Genius English Translations	SIKKOO - 푸줏간 (PUJUTGAN) (English Translation) by Genius English Translations	right now / We're clearing it out today / 30 bucks per kilo / Try a bite, and if it hits the	https://genius.com/Genius-english-translations-sikkoo-pujutgan-english-translation-lyrics
2025	Joe Blow & J1Hunnit	Jack History by Joe Blow & J1Hunnit	the plug, he finna sneeze / He just blessed me with a half a brick and twenty Cali P's (Blessed	https://genius.com/Joe-blow-and-j1hunnit-jack-history-lyrics
2025	Jon Rich	PAC LIFE by Jon Rich	on it / Full racks can’t see my hands / 10 bricks per passenger / Streets cold , gotta feed my fam / Takin	https://genius.com/Jon-rich-pac-life-lyrics
2025	Killa Kehla	A is for AMBITION by Killa Kehla	puddle / Verse 3 / So God help me kill these walls of pride / Even if it’s just a brick / Satan	https://genius.com/Killa-kehla-a-is-for-ambition-lyrics
2025	Lif3style	Dont Go by Lif3style	me in this hypo, I ain't gettin' any bail / Thirty-six's in a brick, I'm puttin' ninas	https://genius.com/Lif3style-dont-go-lyrics
2025	Nino Toka	Sexyy Red by Nino Toka	know how to get paid, where the fuck you going / Bust a brick twenty ways, now it's fucking snowing 	https://genius.com/Nino-toka-sexyy-red-lyrics
2025	Oxidebeats (Ft. DREEPY)	TWO by Oxidebeats (Ft. DREEPY)	t no fxckin rapper / I told the plug need 2 kilos for distribution coz I turned to a fxckin trapper	https://genius.com/Oxidebeats-two-lyrics
2025	OzzCash	Hardest Way by OzzCash	lizzy trapping, doing bits and bobs / Yeah, my uncle got a twenty selling bricks of tops / So I watch out	https://genius.com/Ozzcash-hardest-way-lyrics
2025	Rubberband OG (Ft. AgnsBill)	Swing My Door by Rubberband OG (Ft. AgnsBill)	Yeah) / Before you speak on me, pat your pockets (Yeah) / Thirty off a brick of molly (Yeah) / Right up under	https://genius.com/Rubberband-og-swing-my-door-lyrics
2025	Slim (UK)	24 by Slim (UK)	clue, it was a awkward vibe / Some things never change, thirty for a brick of yay / Linked him for the	https://genius.com/Slim-uk-24-lyrics
2025	Street Certified & ShredGang (Ft. The Godfather)	Back To Back by Street Certified & ShredGang (Ft. The Godfather)	up (Baow), got the head, it's whack as fuck / Thirty for a brick, we don't know you then	https://genius.com/Street-certified-and-shredgang-back-to-back-lyrics
2025	aya staxks (Ft. remilia bandxz)	assist by aya staxks (Ft. remilia bandxz)	and he gon' hit you, that's assist / If the bricks go for 75, I'll whip it with my	https://genius.com/Aya-staxks-assist-lyrics
2026	Baby Money	Ask For Nothing by Baby Money	hit her on the floor / And last time I wore a thirty-six, a brick was in my coat / A	https://genius.com/Baby-money-ask-for-nothing-lyrics
2026	Why G (Ft. Casper TNG & Pressa)	Where Ya Mans? by Why G (Ft. Casper TNG & Pressa)	I feel caught up in the mix / Eighteen-five just for the brick (Breezy) / He paid 1K for a zip	https://genius.com/Why-g-where-ya-mans-lyrics
