year,artist,song,performer,quote,price_k,kind,currency,city,confidence,flags,note,source,id,genius_url,genius_id,genius_year,lyric_location,wiki_title,wiki_birth_place,wiki_origin,wiki_top_city,annotation_url,annotation_text,annotation_votes,image,image_source,song_art,inferred_city,inferred_basis,inferred_url,inferred_confidence,home_city,home_city_source
1992,Pooh-Man,Niggas Ain't Playin',,Drop a key for twenty five like they was hot,25,sell,USD,"Oakland, CA",medium,,,lyric_search,1,https://genius.com/Pooh-man-niggas-aint-playin-lyrics,37477,1992,,Pooh-Man,,"Oakland, California, U.S",,,,,img/artists/pooh-man-3476.jpg,artist_photo,img/art/37477.jpg,,,,,"Oakland, CA",curated
1992,UGK,Pocket Full of Stones,Pimp C,"17-5, I got a bird on they ass",17.5,quoted,USD,"Port Arthur, TX",medium,,"17.5 read as $17,500 for the bird (kilo)",lyric_search,2,https://genius.com/Ugk-pocket-full-of-stones-lyrics,46886,1992,,Pimp C,"Crowley, Louisiana, U.S","Port Arthur, Texas, U.S",Port Arthur,https://genius.com/4696598,“17-5” or $17500 (usual amount of money for a kilo),3,img/artists/ugk-401.jpg,artist_photo,img/art/46886.jpg,,,,,"Port Arthur, TX",curated
1994,Kokane,All Bark No Bite,Kokane,Cause I gotta slang my funk at 17-5 a ki,17.5,sell,USD,"Los Angeles, CA",high,,,lyric_search,3,https://genius.com/Kokane-all-bark-no-bite-lyrics,26645,1994,,,,,,https://genius.com/10075164,He sells it for $17.500 for a kilo,0,img/artists/kokane-1423.jpg,artist_photo,img/art/26645.jpg,,,,,"Los Angeles, CA",curated
1995,Master P,Dead Presidents,Master P,25 G's for a key,25,quoted,USD,"New Orleans, LA / Richmond, CA",high,,,lyric_search,4,https://genius.com/Master-p-dead-presidents-lyrics,30587,1995,,Master P,"New Orleans, Louisiana, U.S",,New Orleans,,,,img/artists/master-p-142.jpg,artist_photo,img/art/30587.jpg,,,,,"New Orleans, LA / Richmond, CA",curated
1995,Raekwon,Striving for Perfection,Raekwon,"Fuck all this twenty for a brick shit, man",20,buy,USD,"New York, NY",high,,,lyric_search,5,https://genius.com/Raekwon-striving-for-perfection-lyrics,38411,1995,,Raekwon,"Brooklyn, New York City, U.S","Staten Island, New York City, U.S",Staten Island,,,,img/artists/raekwon-76.jpg,artist_photo,img/art/38411.jpg,,,,,"New York, NY",curated
1995,TRU,That's How We Break Bread,,"Cap a key for 10 and 12, my Mexican friends",11,buy,USD,"New Orleans, LA",medium,,range 10-12; midpoint used,lyric_search,6,https://genius.com/Tru-thats-how-we-break-bread-lyrics,46428,1995,,,,,,,,,img/artists/tru-9037.jpg,artist_photo,img/art/46428.jpg,,,,,"New Orleans, LA",curated
1996,Pimp Daddy,Pimp'n Ain't E-Z,,"For twenty two five, an ki for eleven five",11.5,quoted,USD,"New Orleans, LA",low,,ambiguous; 11.5 taken as kilo price,lyric_search,7,https://genius.com/Pimp-daddy-pimpn-aint-e-z-lyrics,37380,1996,,,,,,,,,img/artists/pimp-daddy-7521.jpg,artist_photo,img/art/37380.jpg,,,,,"New Orleans, LA",curated
1997,Hot Boys,Get it How U Live!!,,"Is you bout that white sauce, 10 a keys the cost",10,quoted,USD,"New Orleans, LA",high,,,lyric_search,8,https://genius.com/Hot-boys-get-it-how-u-live-lyrics,22745,1997,,Hot Boys,,"Uptown New Orleans, Louisiana, U.S",New Orleans,,,,img/artists/hot-boys-1663.jpg,artist_photo,img/art/22745.jpg,,,,,"New Orleans, LA",curated
1997,TRU,Swamp Nigga,Master P,"I got birds 16-5 a muthafuckin ki / Fool, when ya hit me, it's 18-5 / I gotta tax ya 2 G's",18.5,sell,USD,"New Orleans, LA",high,,"buys at 16.5, sells at 18.5",lyric_search,9,https://genius.com/Tru-swamp-nigga-lyrics,46410,1997,,Master P,"New Orleans, Louisiana, U.S",,New Orleans,,,,img/artists/master-p-142.jpg,artist_photo,img/art/46410.jpg,,,,,"New Orleans, LA",curated
1997,The Notorious B.I.G.,Niggas Bleed,The Notorious B.I.G.,"I got a hundred bricks, 14.5 a piece",14.5,quoted,USD,"Brooklyn, NY",high,,bulk (100 bricks) price,lyric_search,10,https://genius.com/The-notorious-big-niggas-bleed-lyrics,296,1997,,The Notorious B.I.G.,"New York City, U.S",,New York,https://genius.com/30241068,"100 bricks at 14.5 a piece is around $1,450,000 –  which is enough to buy  the things BIG mentions. In todays money, that is around $2,800,000.",5,img/artists/the-notorious-b-i-g-22.jpg,artist_photo,img/art/296.jpg,,,,,"Brooklyn, NY",curated
2000,504 Boyz,Moving Things,,I mean an ounce into a brick / Get it for sixteen five,16.5,buy,USD,"New Orleans, LA",high,,,lyric_search,11,https://genius.com/504-boyz-moving-things-lyrics,6927,2000,,504 Boyz,,"New Orleans, Louisiana, U.S",New Orleans,,,,img/artists/504-boyz-2798.jpg,artist_photo,img/art/6927.jpg,,,,,"New Orleans, LA",curated
2001,JAY-Z,U Don't Know,JAY-Z,"Could make forty off a brick, but one rhyme could beat that",40,profit,USD,"Brooklyn, NY",high,profit_not_price,"profit per brick, not price; excluded from price charts by default",lyric_search,12,https://genius.com/Jay-z-u-dont-know-lyrics,1771,2001,,Jay-Z,"New York City, U.S",,New York,https://genius.com/25463741,"Jay shows how even though he was making good money as a drug dealer, a rap career is must more lucrative.",4,img/artists/ja-z-2.jpg,artist_photo,img/art/1771.jpg,,,,,"Brooklyn, NY",curated
2002,50 Cent,Too Hot,,"I got what you need, nineteen-five a key",19.5,sell,USD,"New York, NY",high,,,lyric_search,13,https://genius.com/50-cent-too-hot-lyrics,7042,2002,,50 Cent,"New York City, U.S",,New York,https://genius.com/25250768,"His connect told him it will cost him $19,500 for a kilogram of cocaine",2,img/artists/50-cent-108.jpg,artist_photo,img/art/7042.jpg,,,,,"New York, NY",curated
2002,Fabolous,Young'n,Fabolous,30 a gram 28 on the keys,28,quoted,USD,"Brooklyn, NY",high,,,lyric_search,14,https://genius.com/Fabolous-youngn-lyrics,19565,2002,,Fabolous,"New York City, U.S",,New York,,,,img/artists/fabolous-3.jpg,artist_photo,img/art/19565.jpg,,,,,"Brooklyn, NY",curated
2004,Boosie Badazz & Webbie,Hustlin',,That whole slab sixteen five you got a profit,16.5,quoted,USD,"Baton Rouge, LA",high,,,lyric_search,15,https://genius.com/Boosie-badazz-and-webbie-hustlin-lyrics,88787,2004,,Boosie Badazz,"Baton Rouge, Louisiana, U.S",,Baton Rouge,,,,img/artists/boosie-badazz-931.jpg,artist_photo,img/art/88787.jpg,,,,,"Baton Rouge, LA",curated
2005,Gucci Mane,Hustle,Gucci Mane,A nigga gotta get the whole thing / Nineteen-five every time my phone ring,19.5,sell,USD,"Atlanta, GA",high,,,lyric_search,16,https://genius.com/Gucci-mane-hustle-lyrics,21956,2005,,Gucci Mane,"Bessemer, Alabama, US","Atlanta, Georgia, US",Atlanta,,,,img/gucci-2006.jpg,manual,img/art/21956.jpg,,,,,"Atlanta, GA",curated
2005,D4L,I'm Da Man,,"Seventeen five, same color t-shirt",17.5,quoted,USD,"Atlanta, GA",medium,,echoes the Jeezy '17.5' figure,lyric_search,17,https://genius.com/D4l-im-da-man-lyrics,15245,2005,,D4L,,"Atlanta, Georgia, U.S",Atlanta,https://genius.com/11130469,"He keeps “work” (a.k.a. drugs) ready to sell. “Seventeen five” is a reference to cocaine prices. Buying a kilo for the low price of $17,500 implies that he’s high up in the drug game. Young Jeezy famously dubbed himself “Mr. 17.5.”

“Same color t-shirt” draws a connection between pure white cocaine and the white t-shirts that are popular with drug dealers.

In 2017, Atlanta rap group Migos used th",16,img/artists/d4l-4882.jpg,artist_photo,img/art/15245.jpg,,,,,"Atlanta, GA",curated
2006,Jeezy,Mr. 17.5,Jeezy,"It's ya boy, Mr. 17.5",17.5,quoted,USD,"Atlanta, GA",high,,"Jeezy's nickname; $17,500 per kilo",lyric_search,18,https://genius.com/Jeezy-mr-175-lyrics,984,2006,,Jeezy,"Columbia, South Carolina, U.S","Atlanta, Georgia, U.S",Atlanta,https://genius.com/29680772,"Jeezy is known as Mr. 17.5 because he can get you a brick of cocaine for $17,500",0,img/artists/jeezy-67.jpg,artist_photo,img/art/984.jpg,,,,,"Atlanta, GA",curated
2006,Jeezy,J.E.E.Z.Y.,Jeezy,"Keep a plug on the white / Mr. 17-5, you niggas know the name",17.5,quoted,USD,"Atlanta, GA",high,,,lyric_search,19,https://genius.com/Jeezy-jeezy-lyrics,48379,2006,,Jeezy,"Columbia, South Carolina, U.S","Atlanta, Georgia, U.S",Atlanta,,,,img/artists/jeezy-67.jpg,artist_photo,img/art/48379.jpg,,,,,"Atlanta, GA",curated
2006,Rick Ross,Hustlin',Rick Ross,"Sat it on them twenty-twos, birds go for twenty-two",22,sell,USD,"Miami, FL",high,,,lyric_search,20,https://genius.com/Rick-ross-hustlin-lyrics,794,2006,,Rick Ross,"Clarksdale, Mississippi, U.S","Miami-Dade County, Florida, U.S",Miami,,,,img/artists/rick-ross-88.jpg,artist_photo,img/art/794.jpg,,,,,"Miami, FL",curated
2007,Pimp C,True Stories,Pimp C,So I hit the fuckin' slab for the 16.5,16.5,buy,USD,"Houston, TX",high,,,lyric_search,21,https://genius.com/Pimp-c-true-stories-lyrics,2481208,2007,,Pimp C,"Crowley, Louisiana, U.S","Port Arthur, Texas, U.S",Port Arthur,,,,img/artists/pimp-c-2444.jpg,artist_photo,img/art/2481208.jpg,,,,,"Houston, TX",curated
2007,Andre Nickatina,7 Letters Coked Out (Intro),Andre Nickatina,My homie said his go for eighteen five,18.5,sell,USD,"San Francisco, CA",high,,,lyric_search,22,https://genius.com/Andre-nickatina-7-letters-coked-out-intro-lyrics,12445551,2007,,Andre Nickatina,"San Francisco, California, U.S",,San Francisco,,,,img/artists/andre-nickatina-814.jpg,artist_photo,img/art/12445551.jpg,,,,,"San Francisco, CA",curated
2007,DJ Khaled,I'm So Hood (Remix),Young Jeezy,"Seventeen-five, yeah, nigga, I said it",17.5,quoted,USD,"Atlanta, GA",medium,,,lyric_search,23,https://genius.com/Dj-khaled-im-so-hood-remix-lyrics,948,2007,,Jeezy,"Columbia, South Carolina, U.S","Atlanta, Georgia, U.S",Atlanta,,,,img/artists/jeezy-67.jpg,artist_photo,img/art/948.jpg,,,,,"Atlanta, GA",curated
2008,Jeezy,24 - 23,Jeezy,"I used to pay Kobe, but now I pay LeBron",23,buy,USD,"Atlanta, GA",high,,"Kobe = 24, LeBron = 23; price fell from $24k to $23k. Album The Recession, Sept 2008",lyric_search,24,https://genius.com/Jeezy-24-23-lyrics,1923,2009,,Jeezy,"Columbia, South Carolina, U.S","Atlanta, Georgia, U.S",Atlanta,https://genius.com/20614987,"Jeezy is using popular NBA players jersey numbers to allude to coke prices, and getting a better price as you advance in the game.

In his past he would pay $2400 an ounce (Kobe Bryant wore #24), but now he cops more quantity at a time and gets a discount, paying $2300 (LeBron James wears #23).",2,img/artists/jeezy-67.jpg,artist_photo,img/art/1923.jpg,,,,,"Atlanta, GA",curated
2008,Gucci Mane,Feel Like Cookin',Gucci Mane,Give a brick for the cash charge you seventeen bands,17,sell,USD,"Atlanta, GA",high,,,lyric_search,25,https://genius.com/Gucci-mane-feel-like-cookin-lyrics,2825261,2008,,Gucci Mane,"Bessemer, Alabama, US","Atlanta, Georgia, US",Atlanta,,,,img/gucci-2009.jpg,manual,img/art/2825261.jpg,,,,,"Atlanta, GA",curated
2008,Gucci Mane,In the Trap,,Cop a bird for the twenty nigga all ten,20,buy,USD,"Atlanta, GA",high,,,lyric_search,26,https://genius.com/Gucci-mane-in-the-trap-lyrics,2889996,2008,,Gucci Mane,"Bessemer, Alabama, US","Atlanta, Georgia, US",Atlanta,,,,img/artists/gucci-mane-13.jpg,artist_photo,img/art/2889996.jpg,,,,,"Atlanta, GA",curated
2008,2 Pistols,Gettin' Money Mane,2 Pistols,Whole blocks of Anna White for twenty-two-five,22.5,sell,USD,"Tampa, FL",high,,,lyric_search,27,https://genius.com/2-pistols-gettin-money-mane-lyrics,8273641,2008,,2 Pistols,"Tarpon Springs, Florida, U.S",,Tampa,,,,img/artists/2-pistols-2751.jpg,artist_photo,img/art/8273641.jpg,,,,,"Tampa, FL",curated
2009,JAY-Z,Empire State of Mind,JAY-Z,"If Jeezy's payin' LeBron, I'm payin' Dwyane Wade",3,buy,USD,"Brooklyn, NY",high,outlier;hyperbole;homage,"Answer to Jeezy's 24-23: LeBron = 23 (i.e. $23k), Dwyane Wade = 3 => $3k a kilo. Boast, not a market price",lyric_search,28,https://genius.com/Jay-z-empire-state-of-mind-lyrics,75,2009,,Jay-Z,"New York City, U.S",,New York,https://genius.com/10212428,"This is when I felt like I made it in pop culture. Once Jay Z did it, I felt like I was on that respect level of artists that I respect. I remember where I was, I was with my guys and we were hanging out and somebody texted me like, “Yo, listen to this song.” So I listened to it and then when I heard it, I’m like, “Did he just say what I think he said?”

It’s a lot of different references and obvi",504,img/artists/ja-z-2.jpg,artist_photo,img/art/75.jpg,,,,,"Brooklyn, NY",curated
2009,Kendrick Lamar,Best Rapper Under 25,Kendrick Lamar,Heard about eighteen rappers say that a bird can go for seventeen-point-five,17.5,quoted,USD,"Compton, CA",medium,meta,commentary on other rappers' figure,lyric_search,29,https://genius.com/Kendrick-lamar-best-rapper-under-25-lyrics,66747,2009,,Kendrick Lamar,"Compton, California, U.S",,Compton,https://genius.com/1026919,"At one time, a kilogram of cocaine was worth about $17,500. This is how Young Jeezy got his nickname, Mr. 17.5. .",5,img/artists/kendrick-lamar-1421.jpg,artist_photo,img/art/66747.jpg,,,,,"Compton, CA",curated
2009,Ab-Soul,Introduction,Ab-Soul,Like I'm wrapped in vaseline and go for 18 5 a key,18.5,quoted,USD,"Carson, CA",high,,,lyric_search,30,https://genius.com/Ab-soul-introduction-lyrics,72738,2009,,Ab-Soul,"Los Angeles, California","Carson, California, U.S",Carson,,,,img/artists/ab-soul-2049.jpg,artist_photo,img/art/72738.jpg,,,,,"Carson, CA",curated
2009,French Montana,Bricks & Walls,French Montana,Nah it ain't ten a key / Look homey it's 35,35,sell,USD,"Bronx, NY",high,,,lyric_search,31,https://genius.com/French-montana-bricks-and-walls-lyrics,639713,2009,"Canal Street, New York, NY",French Montana,"Casablanca, Morocco","The Bronx, New York City, U.S",New York,,,,img/artists/french-montana-1583.jpg,artist_photo,img/art/639713.jpg,,,,,"Canal Street, New York, NY",lyric
2009,Gucci Mane,Time To Eat,,"21 a key, 10 five a half a key, 55 a quarter key",21,sell,USD,"Atlanta, GA",high,,,lyric_search,32,https://genius.com/Gucci-mane-time-to-eat-lyrics,75219,2009,,Gucci Mane,"Bessemer, Alabama, US","Atlanta, Georgia, US",Atlanta,,,,img/gucci-2009.jpg,manual,img/art/75219.jpg,,,,,"Atlanta, GA",curated
2009,Lil' Flip & Gudda Gudda,I Keep It Street All Day,,"The bricks go for sixteen, five if I know ya",16.5,sell,USD,"Houston, TX",high,,,lyric_search,33,https://genius.com/Lil-flip-and-gudda-gudda-i-keep-it-street-all-day-lyrics,7112212,2009,,Lil' Flip,"Cloverland, Houston, Texas, U.S",,Houston,,,,img/artists/lil-flip-382.jpg,artist_photo,img/art/7112212.jpg,,,,,"Houston, TX",curated
2009,Raekwon,Ill Figures,,Brick a white nowadays is forty grand invested,40,quoted,USD,"New York, NY",high,,,lyric_search,34,https://genius.com/Raekwon-ill-figures-lyrics,47860,2009,,Raekwon,"Brooklyn, New York City, U.S","Staten Island, New York City, U.S",Staten Island,,,,img/artists/raekwon-76.jpg,artist_photo,img/art/47860.jpg,,,,,"New York, NY",curated
2009,Jeezy,Done It,Jeezy,"One nigga ooh wee, Mr. 17.5",17.5,quoted,USD,"Atlanta, GA",medium,repeat_nickname,,lyric_search,35,https://genius.com/Jeezy-done-it-lyrics,4635,2009,,Jeezy,"Columbia, South Carolina, U.S","Atlanta, Georgia, U.S",Atlanta,,,,img/artists/jeezy-67.jpg,artist_photo,img/art/4635.jpg,,,,,"Atlanta, GA",curated
2010,Gucci Mane,Swing My Door,Gucci Mane,I count 18-5 every time they swing my door,18.5,sell,USD,"Atlanta, GA",medium,implied_unit,"Burrrprint 2 (2010); Genius page lists 2006. Kilo is implied, never named in the line",lyric_search,37,https://genius.com/Gucci-mane-swing-my-door-lyrics,4967,2006,,Gucci Mane,"Bessemer, Alabama, US","Atlanta, Georgia, US",Atlanta,https://genius.com/16034959,"Every time the door to Guwop’s trap house swings shut, he’s sold another brick of cocaine for his “low” price of $18,500.",1,img/gucci-2006.jpg,manual,img/art/4967.jpg,,,,,"Atlanta, GA",curated
2010,Jeezy,Whippin All of Dat,Jeezy,"Man, niggas want thirty for a brick, man",30,buy,USD,"Atlanta, GA",high,,,lyric_search,38,https://genius.com/Jeezy-whippin-all-of-dat-lyrics,9316162,2010,,Jeezy,"Columbia, South Carolina, U.S","Atlanta, Georgia, U.S",Atlanta,,,,img/artists/jeezy-67.jpg,artist_photo,img/art/9316162.jpg,,,,,"Atlanta, GA",curated
2010,Meek Mill,Bricks,Meek Mill,"Thirty thousand, nigga that's a brick",30,quoted,USD,"Philadelphia, PA",high,,,lyric_search,39,https://genius.com/Meek-mill-bricks-lyrics,459124,2010,,Meek Mill,"Philadelphia, Pennsylvania, U.S",,Philadelphia,https://genius.com/3446636,"A brick is a common term used to describe a pound of drugs, usually cocaine. The name was coined as bricks a packaged in a rectangular shape just like the bricks that building are made of. The bricks Meek is selling are going for $30,000 dollars. This seems like a deal compared to other rappers.",1,img/artists/meek-mill-1319.jpg,artist_photo,img/art/459124.jpg,,,,,"Philadelphia, PA",curated
2010,Roc Marciano,Whateva Whateva,Roc Marciano,Twenty five thousand a key,25,quoted,USD,"Hempstead, NY",high,,,lyric_search,40,https://genius.com/Roc-marciano-whateva-whateva-lyrics,94720,2010,,Roc Marciano,"Hempstead, New York, U.S",,New York,,,,img/artists/roc-marciano-5841.jpg,artist_photo,img/art/94720.jpg,,,,,"Hempstead, NY",curated
2011,D. King (rapper),Supposed to Be,D. King,'Cause bricks go for 11-5 in Dade County,11.5,quoted,USD,"Miami, FL",medium,,,lyric_search,41,https://genius.com/D-king-rapper-supposed-to-be-lyrics,2949437,2011,"Dade County, FL",D.King,,"Crofton, Maryland",,,,,img/art/2949437.jpg,song_art,img/art/2949437.jpg,,,,,"Dade County, FL",lyric
2011,Future,We On Top,,Brick on top of brick they go for 28,28,sell,USD,"Atlanta, GA",high,,,lyric_search,42,https://genius.com/Future-we-on-top-lyrics,2269955,2011,,Future (rapper),"Atlanta, Georgia, U.S",,Atlanta,,,,img/artists/future-2197.jpg,artist_photo,img/art/2269955.jpg,,,,,"Atlanta, GA",curated
2011,Money Gang,Work,,Thirty for a brick and ten percent,30,sell,USD,,medium,,,lyric_search,43,https://genius.com/Money-gang-work-lyrics,8496828,2011,,,,,,,,,img/artists/money-gang-3330165.jpg,artist_photo,img/art/8496828.jpg,"Chicago, IL","No bio found for Money Gang; the track features FBG Brick and FBG Dutchie of Chicago's Fly Boy Gang, so placed on the collaborators' city",,low,"Chicago, IL",inferred
2012,Meek Mill,Dreams and Nightmares (Intro),Meek Mill,"With them bricks, they go for forty, ain't no ten a key",40,sell,USD,"Philadelphia, PA",high,,,lyric_search,44,https://genius.com/Meek-mill-dreams-and-nightmares-intro-lyrics,94014,2012,,Meek Mill,"Philadelphia, Pennsylvania, U.S",,Philadelphia,,,,img/artists/meek-mill-1319.jpg,artist_photo,img/art/94014.jpg,,,,,"Philadelphia, PA",curated
2012,Jeezy,The Motto (Remix),,"Birds for the thirty-three, I got my Larry on",33,sell,USD,"Atlanta, GA",high,,,lyric_search,45,https://genius.com/Jeezy-the-motto-remix-lyrics,64090,2012,,Jeezy,"Columbia, South Carolina, U.S","Atlanta, Georgia, U.S",Atlanta,https://genius.com/559347,"Gibbs here compares his coke prices ($33,000 for a “bird”, or kilo) with another bird affiliated with the number 33, fellow Indiana native and Boston Celtics basketball legend Larry Bird",0,img/artists/jeezy-67.jpg,artist_photo,img/art/64090.jpg,,,,,"Atlanta, GA",curated
2012,Gunplay,Bible on the Dash,Gunplay,When a brick was seventeen and you ain't have to rob your plug,17,quoted,USD,"Miami, FL",high,retrospective,looking back at an earlier era,lyric_search,46,https://genius.com/Gunplay-bible-on-the-dash-lyrics,87230,2012,,Gunplay (rapper),"Texas, U.S","Carol City, Florida, U.S",Miami,https://genius.com/1078805,Back in the days when a kilos were affordable at a meager 17 stacks. Now Gunplay’s gotta rob his connect cuz the price is too steep.,2,img/artists/gunplay-2286.jpg,artist_photo,img/art/87230.jpg,,,,,"Miami, FL",curated
2012,Yo Gotti,Ain't No Turning Around,,"Hit em' with a key again / For eighteen five, young nigga go live",18.5,sell,USD,"Memphis, TN",high,,,lyric_search,47,https://genius.com/Yo-gotti-aint-no-turning-around-lyrics,98153,2012,,Yo Gotti,"Memphis, Tennessee, U.S",,Memphis,,,,img/artists/yo-gotti-118.jpg,artist_photo,img/art/98153.jpg,,,,,"Memphis, TN",curated
2012,Fredo Santana,Up Them Poles,,Two keys for the forty,20,buy,USD,"Chicago, IL",high,,2 for 40 => 20 each,lyric_search,48,https://genius.com/Fredo-santana-up-them-poles-lyrics,108388,2012,,Fredo Santana,"Chicago, Illinois, U.S",,Chicago,,,,img/artists/fredo-santana-20757.jpg,artist_photo,img/art/108388.jpg,,,,,"Chicago, IL",curated
2012,Alpoko Don Aka Don Dada,Married to the Game,Alpoko Don,Eight brick full / Fifteen a piece,15,sell,USD,"Greenville, SC",medium,,,lyric_search,49,https://genius.com/Alpoko-don-aka-don-dada-married-to-the-game-lyrics,2438112,2012,,,,,,,,,img/artists/alpoko-don.jpg,manual,,,,,,"Greenville, SC",curated
2013,Pusha T,Millions,Rick Ross,"Got a kilo for 20, my choppas say I'm the shit",20,buy,USD,"Miami, FL",high,,,lyric_search,50,https://genius.com/Pusha-t-millions-lyrics,108547,2013,,Rick Ross,"Clarksdale, Mississippi, U.S","Miami-Dade County, Florida, U.S",Miami,,,,img/artists/rick-ross-88.jpg,artist_photo,img/art/108547.jpg,,,,,"Miami, FL",curated
2013,Boldy James,For the Birds,Boldy James,Thirty-six for the birds and I need a brick,36,quoted,USD,"Detroit, MI",high,,,lyric_search,51,https://genius.com/Boldy-james-for-the-birds-lyrics,80014,2013,,Boldy James,"Atlanta, Georgia, U.S","Detroit, Michigan, U.S",Detroit,https://genius.com/1373079,"Birds are bricks of cocaine, usually bought in large amounts, and sold on the streets



He needs more cocaine to sell",0,img/artists/boldy-james-11689.jpg,artist_photo,img/art/80014.jpg,,,,,"Detroit, MI",curated
2013,Casino,Communication,,"Thirty-six for a brick, that's the calculation",36,quoted,USD,"Atlanta, GA",high,,,lyric_search,52,https://genius.com/Casino-communication-lyrics,370023,2013,,,,,,,,,img/artists/casino-8805.jpg,artist_photo,img/art/370023.jpg,,,,,"Atlanta, GA",curated
2013,Doe B,30 Piece,Doe B,Bricks go for 30,30,sell,USD,"Montgomery, AL",high,,,lyric_search,53,https://genius.com/Doe-b-30-piece-lyrics,376598,2013,,,,,,,,,img/artists/doe-b-49343.jpg,artist_photo,img/art/376598.jpg,,,,,"Montgomery, AL",curated
2013,Doe B,Don't Want It,,"But if you bring 23, you can get a whole key",23,sell,USD,"Montgomery, AL",high,,,lyric_search,54,https://genius.com/Doe-b-dont-want-it-lyrics,3638810,2013,,,,,,,,,img/artists/doe-b-49343.jpg,artist_photo,img/art/3638810.jpg,,,,,"Montgomery, AL",curated
2013,E-40,Tree in the Load,,"Twenty four five for a brick, man",24.5,quoted,USD,"Vallejo, CA",high,,,lyric_search,55,https://genius.com/E-40-tree-in-the-load-lyrics,1792051,2013,,,,,,,,,img/artists/e-40-405.jpg,artist_photo,img/art/1792051.jpg,,,,,"Vallejo, CA",curated
2013,Meek Mill,I'm Leanin',,Got birds for the twenty five K,25,quoted,USD,"Philadelphia, PA",high,,,lyric_search,56,https://genius.com/Meek-mill-im-leanin-lyrics,228995,2013,,Meek Mill,"Philadelphia, Pennsylvania, U.S",,Philadelphia,,,,img/artists/meek-mill-1319.jpg,artist_photo,img/art/228995.jpg,,,,,"Philadelphia, PA",curated
2013,Tracy T,16,,"Whole thing for 33, that's Patrick Ewing nigga",33,sell,USD,"Atlanta, GA",high,,,lyric_search,57,https://genius.com/Tracy-t-16-lyrics,285996,2013,,,,,,,,,img/artists/tracy-t-103674.jpg,artist_photo,img/art/285996.jpg,,,,,"Atlanta, GA",curated
2013,Waka Flocka Flame,Fast Forward,Waka Flocka Flame,"The bricks go for 35, that's KD",35,sell,USD,"Atlanta, GA",high,,,lyric_search,58,https://genius.com/Waka-flocka-flame-fast-forward-lyrics,127963,2013,,Waka Flocka Flame,"New York City, U.S","Riverdale, Georgia, U.S",Atlanta,,,,img/artists/waka-flocka-flame-257.jpg,artist_photo,img/art/127963.jpg,,,,,"Atlanta, GA",curated
2013,Waka Flocka Flame,Murda She Wrote,,"I'm 'bout to up the price / 65,000 for a brick of white",65,sell,USD,"Atlanta, GA",medium,,,lyric_search,59,https://genius.com/Waka-flocka-flame-murda-she-wrote-lyrics,117101,2013,,Waka Flocka Flame,"New York City, U.S","Riverdale, Georgia, U.S",Atlanta,,,,img/artists/waka-flocka-flame-257.jpg,artist_photo,img/art/117101.jpg,,,,,"Atlanta, GA",curated
2013,Wale,Bricks,,"Now 16, getting them bricks for the 16",16,buy,USD,,medium,wordplay,,lyric_search,60,https://genius.com/Wale-bricks-lyrics,177576,2013,,Wale (rapper),"Washington, D.C., U.S",,New York,,,,img/artists/wale-396.jpg,artist_photo,img/art/177576.jpg,,,,,New York,wiki_top_city
2013,SBOE,Money Cars Clothes,,"I fronted 2, charging 45 each brick",45,sell,USD,"Queens, NY",medium,,,lyric_search,61,https://genius.com/Sboe-money-cars-clothes-lyrics,149615,2013,,,,,,,,,img/art/149615.jpg,song_art,img/art/149615.jpg,,,,,"Queens, NY",curated
2013,Joey Fatts,PushaMan,,Five for the O and fifteen for the whole thing,15,sell,USD,"Long Beach, CA",high,,,lyric_search,62,https://genius.com/Joey-fatts-pushaman-lyrics,175131,2013,,Joey Fatts,,"Long Beach, California, U.S",Long Beach,,,,img/artists/joey-fatts-19673.jpg,artist_photo,img/art/175131.jpg,,,,,"Long Beach, CA",curated
2014,O.T. Genasis,Funk Flex Freestyle,O.T. Genasis,"Plug said, ""Thirty for a brick now""",30,buy,USD,"Long Beach, CA",high,,,lyric_search,63,https://genius.com/Ot-genasis-funk-flex-freestyle-lyrics,593975,2014,,O. T. Genasis,"Long Beach, California, U.S",,Los Angeles,,,,img/artists/o-t-genasis-154225.jpg,artist_photo,img/art/593975.jpg,,,,,"Long Beach, CA",curated
2014,Dave East,In Some Shit (Part 1),Dave East,"Always used to have the bricks at 19-5, that's taxin'",19.5,sell,USD,"Harlem, NY",high,retrospective,,lyric_search,64,https://genius.com/Dave-east-in-some-shit-part-1-lyrics,2821866,2014,,Dave East,"New York City, U.S",,New York,,,,img/artists/dave-east-103654.jpg,artist_photo,img/art/2821866.jpg,,,,,"Harlem, NY",curated
2014,E-40,Same Since '88,,Thirty-eight a brick on a hundred flip,38,quoted,USD,"Vallejo, CA",high,,,lyric_search,65,https://genius.com/E-40-same-since-88-lyrics,1872473,2014,,,,,,,,,img/artists/e-40-405.jpg,artist_photo,img/art/1872473.jpg,,,,,"Vallejo, CA",curated
2014,KXNG Crooked,Fallen Rap Gods,KXNG Crooked,"For 22 a key, let me know if it's a go",22,sell,USD,"Long Beach, CA",high,,,lyric_search,66,https://genius.com/Kxng-crooked-fallen-rap-gods-lyrics,644212,2014,,Kxng Crooked,"Eastside, Long Beach, California, U.S",,Long Beach,https://genius.com/4620417,"Trust the KXNG when he says that he’s still got his roots in the hood. He can still get keys (kilograms) of drugs at lower prices than a regular person would have to pay, due to his connections and reputation.",1,img/artists/kxng-crooked-484.jpg,artist_photo,img/art/644212.jpg,,,,,"Long Beach, CA",curated
2014,TREY CHOPS,Stickers,TREY CHOPS,"Yeah, it's probably 40 for a key",40,quoted,USD,,medium,,,lyric_search,67,https://genius.com/Trey-chops-stickers-lyrics,6759022,2014,,,,,,,,,img/artists/trey-chops-155462.jpg,artist_photo,img/art/6759022.jpg,"Burlington, ON","Trey Chops' site bio: hails from Burlington, ON (he also has a track called 'Burlington Flow')",https://www.treychops.com/about,high,"Burlington, ON",inferred
2014,SpaceGhostPurrp & Dough2x,MunnieTrain7264,,"Stuntman bricks, 17.5, you know I got 'em",17.5,sell,USD,"Miami, FL",medium,,,lyric_search,68,https://genius.com/Spaceghostpurrp-and-dough2x-munnietrain7264-lyrics,6731854,2014,,SpaceGhostPurrp,,,Miami,https://genius.com/30520517,"This sample comes from Shawty Lo’s song “Got ’Em 4 the Lo,” featuring Stuntman and Gucci Mane.
https://youtu.be/IDWf0jpy4_Y?t=126",3,img/artists/spaceghostpurrp-12229.jpg,artist_photo,img/art/6731854.jpg,,,,,"Miami, FL",curated
2015,Gucci Mane,Still Selling Dope,Gucci Mane,"When a brick was twenty-six, it got me goddamn rich",26,quoted,USD,"Atlanta, GA",high,retrospective,,lyric_search,69,https://genius.com/Gucci-mane-still-selling-dope-lyrics,1877527,2015,,Gucci Mane,"Bessemer, Alabama, US","Atlanta, Georgia, US",Atlanta,,,,img/artists/gucci-mane-13.jpg,artist_photo,img/art/1877527.jpg,,,,,"Atlanta, GA",curated
2015,French Montana & Chris Brown,Antidote (Remix),French Montana,Talkin' back when bricks was fifteen,15,quoted,USD,"Bronx, NY",high,retrospective,,lyric_search,70,https://genius.com/French-montana-and-chris-brown-antidote-remix-lyrics,2320127,2015,,French Montana,"Casablanca, Morocco","The Bronx, New York City, U.S",New York,,,,img/artists/french-montana-1583.jpg,artist_photo,img/art/2320127.jpg,,,,,"Bronx, NY",curated
2015,Jadakiss,Critical,,Bought me two bricks call me 60 thou',30,buy,USD,"Yonkers, NY",high,,2 for 60 => 30 each,lyric_search,71,https://genius.com/Jadakiss-critical-lyrics,2347513,2015,,Jadakiss,"Yonkers, New York, U.S",,New York,,,,img/artists/jadakiss-34.jpg,artist_photo,img/art/2347513.jpg,,,,,"Yonkers, NY",curated
2015,Rick Ross,Neighborhood Drug Dealer (Remix),Rick Ross,I charge 90 a brick for a nigga,90,sell,USD,"Miami, FL",low,outlier;hyperbole,,lyric_search,72,https://genius.com/Rick-ross-neighborhood-drug-dealer-remix-lyrics,2154057,2015,,Rick Ross,"Clarksdale, Mississippi, U.S","Miami-Dade County, Florida, U.S",Miami,,,,img/artists/rick-ross-88.jpg,artist_photo,img/art/2154057.jpg,,,,,"Miami, FL",curated
2016,Killer Mike,Saks Fifth,Killer Mike,I don't really give a fuck they charging 30 for a key,30,buy,USD,"Atlanta, GA",high,,,lyric_search,73,https://genius.com/Killer-mike-saks-fifth-lyrics,2919184,2016,,Killer Mike,"Atlanta, Georgia, U.S",,Atlanta,,,,img/artists/killer-mike-547.jpg,artist_photo,img/art/2919184.jpg,,,,,"Atlanta, GA",curated
2016,Westside Gunn,Summerslam 88,Westside Gunn,"Two bricks for 50, that's a good look",25,buy,USD,"Buffalo, NY",high,,2 for 50 => 25 each,lyric_search,74,https://genius.com/Westside-gunn-summerslam-88-lyrics,4466622,2016,,Westside Gunn,"Buffalo, New York, U.S",,Paris,,,,img/artists/westside-gunn-451539.jpg,artist_photo,img/art/4466622.jpg,,,,,"Buffalo, NY",curated
2016,Yo Gotti,Mitch,Yo Gotti,"'Cause I'm money making Mitch, I want 30 for a brick",30,sell,USD,"Memphis, TN",high,,,lyric_search,75,https://genius.com/Yo-gotti-mitch-lyrics,2892829,2016,,Yo Gotti,"Memphis, Tennessee, U.S",,Memphis,,,,img/artists/yo-gotti-118.jpg,artist_photo,img/art/2892829.jpg,,,,,"Memphis, TN",curated
2016,K.I.D GuacamoleGodd,100 Clip,,Thirty K for a brick and we might make a route,30,quoted,USD,"Chicago, IL",medium,,,lyric_search,76,https://genius.com/Kid-guacamolegodd-100-clip-lyrics,8417468,2016,,,,,,,,,img/artists/k-i-d-guacamolegodd-1466953.jpg,artist_photo,img/art/8417468.jpg,,,,,"Chicago, IL",curated
2016,Baby E,Bando,,Sell a whole thing for 32 like magic,32,sell,USD,,medium,,,lyric_search,77,https://genius.com/Baby-e-bando-lyrics,2942286,2016,,,,,,https://genius.com/11161181,"Magic Johnson’s playing number was 32. It’s possible Hoody is selling his “white girl,” or cocaine, for $32,000.",0,img/artists/baby-e-11544.jpg,artist_photo,img/art/2942286.jpg,"Pensacola, FL","Young Money artist Baby E (Ethan Lowery) is from Pensacola, FL per LilWayneHQ and Rolling Stone; verse performer on 'Bando' unconfirmed",https://www.lilwaynehq.com/young-money-entertainment/baby-e/,high,"Pensacola, FL",inferred
2017,Migos,T-Shirt,Migos,"Seventeen five, same color T-shirt",17.5,quoted,USD,"Atlanta, GA",high,homage,nod to Jeezy's 17.5,lyric_search,78,https://genius.com/Migos-t-shirt-lyrics,2948140,2017,,Migos,,"Lawrenceville, Georgia, U.S",Atlanta,https://genius.com/11129795,"Quavo obviously didn’t listen to his mama—he’s selling work (a.k.a. drugs).

“Seventeen five” is a reference to a 2005 lyric by late Atlanta rap icon Shawty Lo, from D4L’s underground hit “I’m Da Man.” In the original song, Lo said:

And you know I keep work
Seventeen five, same color t-shirt

“Seventeen five” is a reference to cocaine prices. Buying a kilo for the low price of $17,500 implies you",726,img/artists/migos-44080.jpg,artist_photo,img/art/2948140.jpg,,,,,"Atlanta, GA",curated
2017,Future,Scrape,Future,Throw half a brick at Magic / 18-5 on a Monday,18.5,quoted,USD,"Atlanta, GA",medium,,,lyric_search,79,https://genius.com/Future-scrape-lyrics,2989271,2017,,Future (rapper),"Atlanta, Georgia, U.S",,Atlanta,,,,img/artists/future-2197.jpg,artist_photo,img/art/2989271.jpg,,,,,"Atlanta, GA",curated
2017,Philthy Rich,Another One,Philthy Rich,"Thirty thou for a brick of soft, man fuck it",30,quoted,USD,"Oakland, CA",high,,,lyric_search,80,https://genius.com/Philthy-rich-another-one-lyrics,3607904,2017,,Philthy Rich,"Seminary, East Oakland, Oakland, California, U.S",,Oakland,,,,img/artists/philthy-rich-29745.jpg,artist_photo,img/art/3607904.jpg,,,,,"Oakland, CA",curated
2017,Hoodrich Pablo Juan,Servin & Swervin,Hoodrich Pablo Juan,Sell you a bird for the 30,30,sell,USD,"Atlanta, GA",high,,,lyric_search,81,https://genius.com/Hoodrich-pablo-juan-servin-and-swervin-lyrics,2960262,2017,,Hoodrich Pablo Juan,"Newark, New Jersey, U.S","Atlanta, Georgia, U.S",,,,,img/artists/hoodrich-pablo-juan-234513.jpg,artist_photo,img/art/2960262.jpg,,,,,"Atlanta, GA",curated
2017,Loso Loaded,Shot Callin,,Thirty-six for a brick,36,sell,USD,"Atlanta, GA",high,,,lyric_search,82,https://genius.com/Loso-loaded-shot-callin-lyrics,3359074,2017,,,,,,,,,img/artists/loso-loaded-994553.jpg,artist_photo,img/art/3359074.jpg,,,,,"Atlanta, GA",curated
2017,SprngBrk,Tuh,O.T. Genasis,"Thirty for a brick, low (Real low, tuh)",30,sell,USD,"Long Beach, CA",medium,,,lyric_search,83,https://genius.com/Sprngbrk-tuh-lyrics,3470684,2017,,O. T. Genasis,"Long Beach, California, U.S",,Los Angeles,,,,img/artists/o-t-genasis-154225.jpg,artist_photo,img/art/3470684.jpg,,,,,"Long Beach, CA",curated
2017,Juicy J,One Of Them,Juicy J,Three 6 for the whole thing,36,sell,USD,"Memphis, TN",high,,pun on Three 6 Mafia,lyric_search,84,https://genius.com/Juicy-j-one-of-them-lyrics,3088403,2017,,Juicy J,"Memphis, Tennessee, U.S",,Houston,,,,img/artists/juicy-j-1073.jpg,artist_photo,img/art/3088403.jpg,,,,,"Memphis, TN",curated
2018,Young Scooter,No Features,,"Twenty-six a brick, you can them LeVeon",26,quoted,USD,"Atlanta, GA",high,,,lyric_search,85,https://genius.com/Young-scooter-no-features-lyrics,4138144,2018,,Young Scooter,"Walterboro, South Carolina, U.S","Atlanta, Georgia, U.S",Atlanta,,,,img/artists/young-scooter-23552.jpg,artist_photo,img/art/4138144.jpg,,,,,"Atlanta, GA",curated
2018,Deniro Farrar,Key To The Door,Deniro Farrar,"Whole thing for the 41, just bought a choppa",41,quoted,USD,"Charlotte, NC",high,,,lyric_search,86,https://genius.com/Deniro-farrar-key-to-the-door-lyrics,3740532,2018,,Deniro Farrar,"Charlotte, North Carolina, U.S",,Charlotte,,,,img/artists/deniro-farrar-37913.jpg,artist_photo,img/art/3740532.jpg,,,,,"Charlotte, NC",curated
2019,Freddie Gibbs & Madlib,Fake Names,Freddie Gibbs,They was getting shit for seventeen / Tossin' shit to me for twenty-eight / Bricks go for thirty-one,31,sell,USD,"Gary, IN",high,,supply chain: 17 -> 28 -> 31,lyric_search,87,https://genius.com/Freddie-gibbs-and-madlib-fake-names-lyrics,4655066,2019,,Freddie Gibbs,"Gary, Indiana, U.S",,Gary,,,,img/artists/freddie-gibbs-939.jpg,artist_photo,img/art/4655066.jpg,,,,,"Gary, IN",curated
2019,LOM Rudy,Fuck Rap,,How I'ma eat? I heard the bricks went up to 38,38,quoted,USD,"Detroit, MI",high,,,lyric_search,88,https://genius.com/Lom-rudy-fuck-rap-lyrics,7622766,2019,,,,,,,,,img/artists/lom-rudy-2037203.jpg,artist_photo,img/art/7622766.jpg,,,,,"Detroit, MI",curated
2019,Leeky Bandz,Picasso,,It's thirty-five for a brick,35,quoted,USD,"Atlanta, GA",high,,,lyric_search,89,https://genius.com/Leeky-bandz-picasso-lyrics,5004333,2019,,,,,,,,,img/artists/leeky-bandz-1029369.jpg,artist_photo,img/art/5004333.jpg,,,,,"Atlanta, GA",curated
2019,OJ da Juiceman,Bricks & Pots,OJ da Juiceman,"36 cost 30 flat, chopping bricks like lumberjacks",30,buy,USD,"Atlanta, GA",high,,,lyric_search,90,https://genius.com/Oj-da-juiceman-bricks-and-pots-lyrics,4733526,2019,,OJ da Juiceman,,"Atlanta, Georgia, U.S",Atlanta,,,,img/artists/oj-da-juiceman-260.jpg,artist_photo,img/art/4733526.jpg,,,,,"Atlanta, GA",curated
2019,Peso Peso,Da Bottom,Peso Peso,"Got it for twenty-five, then I charge thirty for the brick",30,sell,USD,"Houston, TX",high,,"buys at 25, sells at 30",lyric_search,91,https://genius.com/Peso-peso-da-bottom-lyrics,4694928,2019,,,,,,,,,img/artists/peso-peso-1736703.jpg,artist_photo,img/art/4694928.jpg,,,,,"Houston, TX",curated
2019,Stack Bundles,Stand Up,Stack Bundles,"Twenty-two a brick, twenty-two on whips",22,quoted,USD,"Queens, NY",medium,posthumous,Stack Bundles died in 2007; recorded before then,lyric_search,92,https://genius.com/Stack-bundles-stand-up-lyrics,4623726,2019,,,,,,,,,img/artists/stack-bundles-207.jpg,artist_photo,img/art/4623726.jpg,,,,,"Queens, NY",curated
2019,Westside Gunn,Never Give Up,,Used to pay eighteen-five for the whole thing,18.5,buy,USD,,high,retrospective,,lyric_search,93,https://genius.com/Westside-gunn-never-give-up-lyrics,4973013,2019,,Westside Gunn,"Buffalo, New York, U.S",,Paris,,,,img/artists/westside-gunn-451539.jpg,artist_photo,img/art/4973013.jpg,,,,,Paris,wiki_top_city
2019,Cookie Money,No Forfeit,Cookie Money,"Twenty dollars for a solid, 30 thousand a key",30,quoted,USD,"Oakland, CA",high,,,lyric_search,94,https://genius.com/Cookie-money-no-forfeit-lyrics,4241414,2019,,,,,,,,,img/artists/cookie-money-93788.jpg,artist_photo,img/art/4241414.jpg,,,,,"Oakland, CA",curated
2020,Westside Gunn,Allah Sent Me,,"Ayo, I miss the days when bricks was only nineteen",19,quoted,USD,"Buffalo, NY",high,retrospective,,lyric_search,95,https://genius.com/Westside-gunn-allah-sent-me-lyrics,5410416,2020,,Westside Gunn,"Buffalo, New York, U.S",,Paris,https://genius.com/38030357,“brick” is slang for cocaine,1,img/artists/westside-gunn-451539.jpg,artist_photo,img/art/5410416.jpg,,,,,"Buffalo, NY",curated
2020,EST Gee,Members Only,EST Gee,"Thirty bricks for thirty-three a piece, I'm tryna grab",33,buy,USD,"Louisville, KY",high,,,lyric_search,96,https://genius.com/Est-gee-members-only-lyrics,6285130,2020,,EST Gee,,,Louisville,,,,img/artists/est-gee-1780510.jpg,artist_photo,img/art/6285130.jpg,,,,,"Louisville, KY",curated
2020,EST Gee,Get Money,,"Say 'Forty', I ain't talkin' bout a strap, but a key",40,quoted,USD,"Louisville, KY",high,,,lyric_search,97,https://genius.com/Est-gee-get-money-lyrics,6285126,2020,,EST Gee,,,Louisville,,,,img/artists/est-gee-1780510.jpg,artist_photo,img/art/6285126.jpg,,,,,"Louisville, KY",curated
2020,Haftbefehl & Gucci Mane,Ice,Gucci Mane,"Bricks go for thirty-three, my bricks still in puberty",33,sell,USD,"Atlanta, GA",high,,,lyric_search,98,https://genius.com/Haftbefehl-and-gucci-mane-ice-lyrics,4683346,2020,,Gucci Mane,"Bessemer, Alabama, US","Atlanta, Georgia, US",Atlanta,https://genius.com/20214591,"Bricks= 1kg einer Droge, unabhängig der Art. Gucci spricht davon, dass Bricks gewöhnlich thirty three, also 33 Tausend €/$ kosten, er aber mit sernem “pubertären” Preis von 16.5 Tausend €/$ den Markt überflutet.",3,img/artists/gucci-mane-13.jpg,artist_photo,img/art/4683346.jpg,,,,,"Atlanta, GA",curated
2020,ILL BILL,WATCH THE CITY BURN,,"Fluffy duffel bags, eighteen thousand a brick",18,quoted,USD,"Brooklyn, NY",medium,,,lyric_search,99,https://genius.com/Ill-bill-watch-the-city-burn-lyrics,5819266,2020,,Ill Bill,"New York City, U.S",,New York City,,,,img/artists/ill-bill-1780.jpg,artist_photo,img/art/5819266.jpg,,,,,"Brooklyn, NY",curated
2020,Nuk & Rio Da Yung OG,Opioid,,"A hundred pack, twenty for a brick, plug from Lebanese",20,quoted,USD,"Flint, MI",high,,,lyric_search,100,https://genius.com/Nuk-and-rio-da-yung-og-opioid-lyrics,5885035,2020,,,,,,,,,img/artists/nuk-1115594.jpg,artist_photo,img/art/5885035.jpg,,,,,"Flint, MI",curated
2020,Yo Gotti,Stay Ur Distance,Yo Gotti,"Bricks, spent forty a piece",40,buy,USD,"Memphis, TN",high,,,lyric_search,101,https://genius.com/Yo-gotti-stay-ur-distance-lyrics,5904875,2020,,Yo Gotti,"Memphis, Tennessee, U.S",,Memphis,https://genius.com/21521993,"42 Dugg signed to Yo Gotti’s CMG label in collaboration with Lil Baby’s 4PF in March 2019.  Dugg rose to prominence in early 2020 with the release of Lil Baby’s Grace, and as his popularity grew, so did his rates for laying down a guest feature on a track.",0,img/artists/yo-gotti-118.jpg,artist_photo,img/art/5904875.jpg,,,,,"Memphis, TN",curated
2020,38 Spesh,Home Game,38 Spesh,I still pay 38 for the whole thing,38,buy,USD,"Rochester, NY",high,,,lyric_search,102,https://genius.com/38-spesh-home-game-lyrics,6263868,2020,,38 Spesh,"Rochester, New York, US",,Rochester,,,,img/artists/38-spesh-185316.jpg,artist_photo,img/art/6263868.jpg,,,,,"Rochester, NY",curated
2020,GrindHard E,Against The Wall,,You said thirty-six for a brick,36,quoted,USD,"Flint, MI",medium,,,lyric_search,103,https://genius.com/Grindhard-e-against-the-wall-lyrics,5948167,2020,,,,,,,,,img/artists/grindhard-e-2249925.jpg,artist_photo,img/art/5948167.jpg,,,,,"Flint, MI",curated
2020,Fate Gryndhouse,Don't Run Off On The Plug,Fate Gryndhouse,Say u wanna brick 33 the price,33,sell,USD,,medium,,,lyric_search,104,https://genius.com/Fate-gryndhouse-dont-run-off-on-the-plug-lyrics,5481652,2020,,,,,,,,,img/art/5481652.jpg,song_art,img/art/5481652.jpg,"Philadelphia, PA","Single write-up: 'Philadelphia artist Fate just dropped Don't Run Off On The Plug'; collaborators AR-Ab, Razor, Doe Stacks are Philly rappers",https://nervedjsmixtapes.com/singles/Don_tRunOffOnThePlug-437980.htm,high,"Philadelphia, PA",inferred
2020,Future,Life Is Good (Remix),Lil Baby,"Spent thirty racks on a rap bitch, could've went and bought a brick, woah",30,quoted,USD,"Atlanta, GA",medium,derived,"30 racks equated to a brick; price implied by the comparison, not stated outright",lyric_search,105,https://genius.com/Future-life-is-good-remix-lyrics,5255606,2020,,,,,,,,,img/artists/lil-baby-1110328.jpg,artist_photo,img/art/5255606.jpg,,,,,"Atlanta, GA",curated
2021,Icewear Vezzo,5 Mill,Icewear Vezzo,"Fetti takin' two, can get a brick for twenty-one",21,buy,USD,"Detroit, MI",high,,,lyric_search,106,https://genius.com/Icewear-vezzo-5-mill-lyrics,7190129,2021,,Icewear Vezzo,"Minneapolis, Minnesota, U.S","Detroit, Michigan, U.S",Detroit,,,,img/artists/icewear-vezzo-52797.jpg,artist_photo,img/art/7190129.jpg,,,,,"Detroit, MI",curated
2021,Rick Ross,Little Havana,Rick Ross,"Thirty-six a brick, baby, here it is",36,sell,USD,"Miami, FL",high,,,lyric_search,107,https://genius.com/Rick-ross-little-havana-lyrics,7452613,2021,"Little Havana, Miami, FL (title)",Rick Ross,"Clarksdale, Mississippi, U.S","Miami-Dade County, Florida, U.S",Miami,,,,img/artists/rick-ross-88.jpg,artist_photo,img/art/7452613.jpg,,,,,"Little Havana, Miami, FL (title)",lyric
2021,Westside Gunn,Peri Peri,Rome Streetz,"When bricks was thirty-five, mines was thirty-two firm",32,sell,USD,"New York, NY",high,retrospective,"market 35, his 32",lyric_search,108,https://genius.com/Westside-gunn-peri-peri-lyrics,7143201,2021,,Rome Streetz,"London, United Kingdom","Queens, New York, US",London,,,,img/artists/rome-streetz-1575401.jpg,artist_photo,img/art/7143201.jpg,,,,,"New York, NY",curated
2021,3MFrench,Lizzie McGuire,,"The plug, he told me, ""That price is regular, forty thousand for a brick""",40,buy,USD,,high,,,lyric_search,109,https://genius.com/3mfrench-lizzie-mcguire-lyrics,7277521,2021,,,,,,,,,img/artists/3mfrench-1897764.jpg,artist_photo,img/art/7277521.jpg,"Toronto, ON","Genius bio and Complex: 3MFrench is from Chester Le in Scarborough, Toronto's east end",https://www.complex.com/music/a/akeena-legall/3mfrench-has-love-for-his-community-and-shade-for-toronto-sun,high,"Toronto, ON",inferred
2021,Call Me Schosa,Schotivation,Call Me Schosa,That's plug talk on vacations for 28 a key,28,quoted,USD,,medium,,,lyric_search,110,https://genius.com/Call-me-schosa-schotivation-lyrics,7190156,2021,,,,,,,,,img/artists/call-me-schosa-2877866.jpg,artist_photo,img/art/7190156.jpg,"Beaver Falls, PA","Genius and SoundCloud bios: rapper from Beaver Falls, PA ('Fallz Town'); the song was cut at The Rap Cave in Pittsburgh",https://soundcloud.com/callmeschosa,high,"Beaver Falls, PA",inferred
2021,Peezy,"I'm Good, Pt. 6",Peezy,"Forty on the watch, that's a motherfuckin' square (A brick)",40,quoted,USD,"Detroit, MI",medium,,,lyric_search,111,https://genius.com/Peezy-im-good-pt-6-lyrics,6962658,2021,,,,,,,,,img/artists/peezy-64242.jpg,artist_photo,img/art/6962658.jpg,,,,,"Detroit, MI",curated
2021,Fredo,I Miss,Fredo,I miss when them bricks were twenty-eight,28,quoted,GBP,"London, UK",high,retrospective,,lyric_search,112,https://genius.com/Fredo-i-miss-lyrics,6417451,2021,,Fredo (rapper),,"Mozart Estate, Kilburn, London, England",London,,,,img/artists/fredo-667872.jpg,artist_photo,img/art/6417451.jpg,,,,,"London, UK",curated
2021,ArrDee,Plugged In Freestyle,ArrDee,Me and Mitch was splitting up a key for thirty,30,buy,GBP,"Brighton, UK",medium,,,lyric_search,113,https://genius.com/Arrdee-arrdee-plugged-in-freestyle-lyrics,6713020,2021,,ArrDee,"Brighton, England",,Brighton,,,,img/artists/arrdee-2607138.jpg,artist_photo,img/art/6713020.jpg,,,,,"Brighton, UK",curated
2021,Country Dons,Daily Duppy,,"40 for a key, and you know I ain't a locksmith",40,quoted,GBP,"London, UK",high,,,lyric_search,114,https://genius.com/Country-dons-daily-duppy-lyrics,7505893,2021,,,,,,,,,img/artists/country-dons-2054804.jpg,artist_photo,img/art/7505893.jpg,,,,,"London, UK",curated
2021,ACE (UK Drill) & Kwengface,Slowly,,"Fifty on a brick, that's overpriced",50,quoted,GBP,"London, UK",high,,rapper calls it overpriced,lyric_search,115,https://genius.com/Ace-uk-drill-and-kwengface-slowly-lyrics,7300790,2021,,,,,,,,,img/artists/ace-uk-drill-2919704.jpg,artist_photo,img/art/7300790.jpg,,,,,"London, UK",curated
2022,"Yo Gotti, 42 Dugg & EST Gee",Cold Gangsta,,"The price went high, it's thirty a brick",30,quoted,USD,"Memphis, TN",high,,,lyric_search,116,https://genius.com/Yo-gotti-42-dugg-and-est-gee-cold-gangsta-lyrics,7662709,2022,,Yo Gotti,"Memphis, Tennessee, U.S",,Memphis,,,,img/artists/yo-gotti-118.jpg,artist_photo,img/art/7662709.jpg,,,,,"Memphis, TN",curated
2022,Drego & Beno,Slatt Season 5,,I paid twenty thousand for the brick,20,buy,USD,"Detroit, MI",high,,,lyric_search,117,https://genius.com/Drego-and-beno-slatt-season-5-lyrics,8269994,2022,,,,,,,,,img/artists/drego-beno-1495381.jpg,artist_photo,img/art/8269994.jpg,,,,,"Detroit, MI",curated
2022,Real Boston Richey,Dawggy,Real Boston Richey,But birds go for thirty-two,32,sell,USD,"Tallahassee, FL",high,,,lyric_search,118,https://genius.com/Real-boston-richey-dawggy-lyrics,8314249,2022,,Real Boston Richey,"Tallahassee, Florida, U.S",,Boston,,,,img/artists/real-boston-richey-3029330.jpg,artist_photo,img/art/8314249.jpg,,,,,"Tallahassee, FL",curated
2022,Knowledge The Pirate & Big Ghost Ltd,Sweetwater,Knowledge The Pirate,Bricks of that raw for thirty,30,sell,USD,"New York, NY",high,,,lyric_search,119,https://genius.com/Knowledge-the-pirate-and-big-ghost-ltd-sweetwater-lyrics,8194580,2022,,,,,,,,,img/artists/knowledge-the-pirate-29034.jpg,artist_photo,img/art/8194580.jpg,,,,,"New York, NY",curated
2022,3MFrench,Gaza,,Thirty a brick if you really get two off,30,sell,USD,,medium,,,lyric_search,120,https://genius.com/3mfrench-gaza-lyrics,8300821,2022,,,,,,,,,img/artists/3mfrench-1897764.jpg,artist_photo,img/art/8300821.jpg,"Toronto, ON","Genius bio and Complex: 3MFrench is from Chester Le in Scarborough, Toronto's east end",https://www.complex.com/music/a/akeena-legall/3mfrench-has-love-for-his-community-and-shade-for-toronto-sun,high,"Toronto, ON",inferred
2022,Lil Jairmy,SRT,,Back when bricks was seventy-K,70,quoted,USD,"Baytown, TX",low,retrospective;outlier,,lyric_search,121,https://genius.com/Lil-jairmy-srt-lyrics,8368064,2022,,Lil Jairmy,"Baytown, Texas U.S",,Houston,,,,img/artists/lil-jairmy-614478.jpg,artist_photo,img/art/8368064.jpg,,,,,"Baytown, TX",curated
2023,M Huncho,where you been?,M Huncho,"Twenty-nine thousand for a brick, today",29,quoted,GBP,"London, UK",high,,,lyric_search,122,https://genius.com/M-huncho-where-you-been-lyrics,9456781,2023,,M Huncho,"London, England",,London,,,,img/artists/m-huncho-1181389.jpg,artist_photo,img/art/9456781.jpg,,,,,"London, UK",curated
2023,Conway the Machine & Wun Two,Bianca,Conway the Machine,"My nigga got 10 bricks, 33 a piece",33,quoted,USD,"Buffalo, NY",high,,,lyric_search,123,https://genius.com/Conway-the-machine-and-wun-two-bianca-lyrics,9671888,2023,,Conway the Machine,"Buffalo, New York, U.S",,London,,,,img/artists/conway-the-machine-53774.jpg,artist_photo,img/art/9671888.jpg,,,,,"Buffalo, NY",curated
2023,Fatt Macc,Box God,Fatt Macc,"Twenty-five a brick, exotic bags got my line hot",25,sell,USD,,medium,,,lyric_search,124,https://genius.com/Fatt-macc-box-god-lyrics,9571935,2023,,,,,,,,,img/artists/fatt-macc-3247100.jpg,artist_photo,img/art/9571935.jpg,"Montgomery, AL","Trapaganda artist page lists hometown Montgomery, AL; AllMusic calls Fatt Macc a Montgomery street rapper",https://trapaganda.com/artist/fatt-macc,high,"Montgomery, AL",inferred
2023,YOUNG JR,On Babies,,"My brick cost twenty-five, shoes 850",25,buy,USD,,medium,,,lyric_search,125,https://genius.com/Young-jr-on-babies-lyrics,8624720,2023,,,,,,,,,img/artists/young-jr-53722.jpg,artist_photo,img/art/8624720.jpg,"Oakland, CA",SoundCloud bio: 'Underground Artist From Oakland Ca'; feature D-Lo is also Oakland,https://m.soundcloud.com/young-jr-7,high,"Oakland, CA",inferred
2023,Young Shiners & EST DonWon,One of One,,Twenty for a brick and it was raw,20,quoted,USD,,medium,,,lyric_search,126,https://genius.com/Young-shiners-and-est-donwon-one-of-one-lyrics,9324906,2023,,,,,,,,,img/artists/young-shiners-3593254.jpg,artist_photo,img/art/9324906.jpg,"Louisville, KY","'One of One' is on EST Gee's Young Shiners label compilation; the roster, EST DonWon included, is Louisville artists. Which member raps the line is unconfirmed",https://thesource.com/2023/07/07/est-gee-launches-young-shiners-label-in-partnership-with-santa-anna-releases-est-skimikes-disrespect/,medium,"Louisville, KY",inferred
2023,"Why G, Bundog & Money Musik",Expendables,,Twenty-two for that snow,22,quoted,CAD,"Toronto, ON",medium,,,lyric_search,127,https://genius.com/Why-g-bundog-and-money-musik-expendables-lyrics,9212197,2023,,,,,,,,,img/artists/why-g-653133.jpg,artist_photo,img/art/9212197.jpg,,,,,"Toronto, ON",curated
2024,Dimiko,Leave The Door Open,Dimiko,I can make it snow 20.5 for a key,20.5,sell,USD,,medium,,,lyric_search,128,https://genius.com/Dimiko-leave-the-door-open-lyrics,10020865,2024,,,,,,,,,img/artists/dimiko-2612214.jpg,artist_photo,img/art/10020865.jpg,"Chicago, IL",SoundCloud location Chicago; Nosebag Media calls Dimiko a Chicago-native artist,https://m.soundcloud.com/dimikoo,high,"Chicago, IL",inferred
2024,YN Jay,US 23,,"Plugged in, twenty-seven for a brick in Houston",27,buy,USD,"Flint, MI",high,,,lyric_search,129,https://genius.com/Yn-jay-us-23-lyrics,10561793,2024,"Houston, TX",YN Jay,"Flint, Michigan, U.S","Mount Morris Township, Michigan, U.S",Detroit,,,,img/artists/yn-jay-2210460.jpg,artist_photo,img/art/10561793.jpg,,,,,"Houston, TX",lyric
2024,Meekz,Manny,Meekz,"Thirty for a brick, couple milli' for a tape",30,quoted,GBP,"Manchester, UK",high,,,lyric_search,130,https://genius.com/Meekz-manny-lyrics,10392940,2024,,Meekz,"Gorton, Manchester, England","Harpurhey, Manchester, England",Manchester,,,,img/artists/meekz-1978726.jpg,artist_photo,img/art/10392940.jpg,,,,,"Manchester, UK",curated
2024,Morrisson,Daily Duppy (2024),Morrisson,Give me thirty for a brick of sniff,30,sell,GBP,"London, UK",high,,,lyric_search,131,https://genius.com/Morrisson-daily-duppy-2024-lyrics,10652392,2024,,Morrisson (rapper),"Newham, London, England",,,,,,img/artists/morrisson-1398098.jpg,artist_photo,img/art/10652392.jpg,,,,,"London, UK",curated
2024,Aystar,Hands On,Aystar,Boss the price is twenty-five if you're copping a brick,25,sell,GBP,"Liverpool, UK",high,,,lyric_search,132,https://genius.com/Aystar-hands-on-lyrics,10392737,2024,,,,,,,,,img/artists/aystar-650981.jpg,artist_photo,img/art/10392737.jpg,,,,,"Liverpool, UK",curated
2024,Wiz Khalifa,Dress Like This,Hardo,"Twenty for a brick, but want five thousand for the vocals (Skrrt)",20,quoted,USD,"Pittsburgh, PA",medium,,,lyric_search,133,https://genius.com/Wiz-khalifa-dress-like-this-lyrics,9997459,2024,,Hardo,"Wilkinsburg, Pennsylvania, U.S","Pittsburgh, Pennsylvania, U.S",Pittsburgh,,,,img/artists/hardo-56343.jpg,artist_photo,img/art/9997459.jpg,,,,,"Pittsburgh, PA",curated
2024,Hackle & Buckshot (IRL),AIN'T WORTH IT,Buckshot (IRL),Thirty K a brick shipped if you got the fucking links (Links),30,sell,USD,,medium,,,lyric_search,134,https://genius.com/Hackle-and-buckshot-irl-aint-worth-it-lyrics,10887514,2024,,,,,,,,,img/artists/buckshot-irl-2537762.jpg,artist_photo,img/art/10887514.jpg,"Dublin, Ireland","The brick line is in Buckshot's verse ('shit imported straight from Ireland'); Buckshot (IRL) is a Dublin rapper on Haunted Mound. Hackle, the lead credit, is from San Jose, CA",https://genius.com/Hackle-and-buckshot-irl-aint-worth-it-lyrics,medium,"Dublin, Ireland",inferred
2024,Tyno Got It,Uncle Drive,Tyno Got It,Food price went up last week / Now it's 17 5th for a half a brick,35,quoted,USD,,medium,derived,17.5 per half => 35 per kilo,lyric_search,135,https://genius.com/Tyno-got-it-uncle-drive-lyrics,11099872,2024,,,,,,,,,img/artists/tyno-got-it-4190451.jpg,artist_photo,img/art/11099872.jpg,"London, UK",GRM Daily repeatedly calls Tyno Got It a rising East London rapper; his posts tag Walthamstow E17,https://grmdaily.com/tyno-got-it-so-solid/,high,"London, UK",inferred
2024,Westside Gunn & DJ Drama,Duran Duran,Westside Gunn,"Niggas know me, when bricks was twenty-two a pot",22,quoted,USD,"Buffalo, NY",high,retrospective,,lyric_search,136,https://genius.com/Westside-gunn-and-dj-drama-duran-duran-lyrics,11047395,2024,,Westside Gunn,"Buffalo, New York, U.S",,Paris,,,,img/artists/westside-gunn-451539.jpg,artist_photo,img/art/11047395.jpg,,,,,"Buffalo, NY",curated
2024,Řezník & Non Phixion,Groupie,,Twenty-five a brick,25,quoted,USD,"New York, NY",medium,,,lyric_search,137,https://genius.com/Reznik-and-non-phixion-groupie-lyrics,10834454,2024,,,,,,,,,img/artists/ezn-k-156215.jpg,artist_photo,img/art/10834454.jpg,,,,,"New York, NY",curated
2024,BloodHound Q50,King Draco,BloodHound Q50,Sixteen-five if you want you a brick,16.5,sell,USD,,medium,,,lyric_search,138,https://genius.com/Bloodhound-q50-king-draco-lyrics,11268149,2024,,Bloodhound (disambiguation),,,Chicago,,,,img/artists/bloodhound-q50-4011321.jpg,artist_photo,img/art/11268149.jpg,,,,,Chicago,wiki_top_city
2025,AgnsBill,Trap Fame,AgnsBill,"Thirty-six a brick, I sold him three",36,sell,USD,,medium,,,lyric_search,139,https://genius.com/Agnsbill-trap-fame-lyrics,13255901,2025,,,,,,,,,img/artists/agnsbill-4556512.jpg,artist_photo,img/art/13255901.jpg,"Bainbridge, GA","Official site: born and raised in Bainbridge, Georgia",https://agnsinc.com/about/,high,"Bainbridge, GA",inferred
2025,Young Nudy,SNAKE,Young Nudy,That's when bricks was goin' for thirty-six,36,quoted,USD,"Atlanta, GA",high,retrospective,,lyric_search,140,https://genius.com/Young-nudy-snake-lyrics,12245580,2025,,Young Nudy,"Atlanta, Georgia, U.S",,Atlanta,,,,img/artists/young-nudy-640658.jpg,artist_photo,img/art/12245580.jpg,,,,,"Atlanta, GA",curated
2025,Slim (UK),24,Slim,"Some things never change, thirty for a brick of yay",30,quoted,GBP,"London, UK",high,,,lyric_search,141,https://genius.com/Slim-uk-24-lyrics,12280547,2025,,,,,,,,,img/artists/slim-uk-1647029.jpg,artist_photo,img/art/12280547.jpg,,,,,"London, UK",curated
2025,Street Certified & ShredGang,Back To Back,,Thirty for a brick,30,quoted,USD,,medium,,,lyric_search,142,https://genius.com/Street-certified-and-shredgang-back-to-back-lyrics,12872610,2025,,,,,,,,,img/art/12872610.jpg,song_art,img/art/12872610.jpg,"Detroit, MI",Street Certified is a Detroit label; its whole roster including the ShredGang members is Detroit,https://streetcertifiedrecords.com/,high,"Detroit, MI",inferred
2025,bdifferent & Hotboii,LMDS,,Let them birds go for thirty-three like Boston Celtics,33,sell,USD,"Orlando, FL",high,,,lyric_search,143,https://genius.com/Bdifferent-and-hotboii-lmds-lyrics,12575364,2025,,,,,,,,,img/artists/bdifferent-3933723.jpg,artist_photo,img/art/12575364.jpg,,,,,"Orlando, FL",curated
2026,Why G,Where Ya Mans?,,Eighteen-five just for the brick,18.5,quoted,CAD,"Toronto, ON",medium,,,lyric_search,144,https://genius.com/Why-g-where-ya-mans-lyrics,12910931,2026,,,,,,,,,img/artists/why-g-653133.jpg,artist_photo,img/art/12910931.jpg,,,,,"Toronto, ON",curated
1996,Silkk the Shocker,I Ain't Takin No Shorts,Silkk the Shocker,"Mr. I gives a fuck, I gots this D 17, 5 a key",17.5,sell,USD,"New Orleans, LA",high,,,lyric_search,145,https://genius.com/Silkk-the-shocker-i-aint-takin-no-shorts-lyrics,42381,1996,,Silkk the Shocker,"New Orleans, Louisiana, U.S",,Orlando,,,,img/artists/silkk-the-shocker-3355.jpg,artist_photo,img/art/42381.jpg,,,,,"New Orleans, LA",curated
1998,La The Darkman,Gun Rule,La The Darkman,"Stole four bricks, a hundred G's / Twenty-five a piece straight",25,quoted,USD,"New York, NY",high,,,lyric_search,146,https://genius.com/La-the-darkman-gun-rule-lyrics,27430,1998,,La the Darkman,"New York City, New York","Brooklyn, New York",New York,,,,img/artists/la-the-darkman-2872.jpg,artist_photo,img/art/27430.jpg,,,,,"New York, NY",curated
2005,AZ,The Truth,AZ,"And when coke went up, we had it for 27",27,sell,USD,"Brooklyn, NY",high,retrospective,,lyric_search,147,https://genius.com/Az-the-truth-lyrics,105366,2005,,,,,,,,,img/artists/az-81.jpg,artist_photo,img/art/105366.jpg,,,,,"Brooklyn, NY",curated
2008,Wiley,Taliban,Wiley,The price of coke's going up / It's thirty four gram for a key,34,quoted,GBP,"London, UK",high,,,lyric_search,148,https://genius.com/Wiley-taliban-lyrics,4431368,2008,,,,,,,,,img/artists/wiley-1639.jpg,artist_photo,img/art/4431368.jpg,,,,,"London, UK",curated
2010,Jeezy,Porsche Music,Jeezy,"That's thirty-k, for a whole brick of sheetrock",30,quoted,USD,"Atlanta, GA",high,,,lyric_search,149,https://genius.com/Jeezy-porsche-music-lyrics,811364,2010,,Jeezy,"Columbia, South Carolina, U.S","Atlanta, Georgia, U.S",Atlanta,,,,img/artists/jeezy-67.jpg,artist_photo,img/art/811364.jpg,,,,,"Atlanta, GA",curated
2012,Gucci Mane,Put on a Show,Gucci Mane,"Selling bricks for 35, if I know [ya]",35,sell,USD,"Atlanta, GA",high,,,lyric_search,150,https://genius.com/Gucci-mane-put-on-a-show-lyrics,3932815,2012,,Gucci Mane,"Bessemer, Alabama, US","Atlanta, Georgia, US",Atlanta,,,,img/artists/gucci-mane-13.jpg,artist_photo,img/art/3932815.jpg,,,,,"Atlanta, GA",curated
2012,Webbo,Young Nigga Ballin,,When them birds was going for the 17,17,quoted,USD,"Detroit, MI",high,retrospective,,lyric_search,151,https://genius.com/Webbo-young-nigga-ballin-lyrics,8971388,2012,,,,,,,,,img/artists/webbo-1787468.jpg,artist_photo,img/art/8971388.jpg,,,,,"Detroit, MI",curated
2013,Lantana,"All Hustle, No Luck (Remix)",,"I want thirty for a bird, 22 for a duck",30,sell,USD,,medium,,,lyric_search,152,https://genius.com/Lantana-all-hustle-no-luck-remix-lyrics,241322,2013,,,,,,https://genius.com/2342797,"A bird and a duck (referencing cocaine) both weigh in at a Kilo. Gotti wants $30,000 for a bird and $22,000 for a duck. The duck comes at a cheaper price because it is not pure uncut cocaine.

Most likely it is cut with some other white powered (usually baking powder).",2,img/art/241322.jpg,song_art,img/art/241322.jpg,"Cincinnati, OH",Complex on the remix video: 'Cincinnati representative Lantana',https://www.complex.com/music/a/justin-davis/lantana-all-hustle-no-luck-remix-video,high,"Cincinnati, OH",inferred
2014,D. Chamberz,"On My 1, 2",Fred the Godson,"Forty for a key, seventy if you want two",40,sell,USD,"Bronx, NY",medium,,,lyric_search,153,https://genius.com/D-chamberz-on-my-1-2-lyrics,5940472,2014,,Fred the Godson,"New York City, U.S",,Bronx,,,,img/artists/fred-the-godson-13093.jpg,artist_photo,img/art/5940472.jpg,,,,,"Bronx, NY",curated
2015,Deniro Farrar,So Long,Deniro Farrar,Real street nigga 35 for a brick / Sell it for the forty one,41,sell,USD,"Charlotte, NC",high,,"buys at 35, sells at 41",lyric_search,154,https://genius.com/Deniro-farrar-so-long-lyrics,2421854,2015,,Deniro Farrar,"Charlotte, North Carolina, U.S",,Charlotte,,,,img/artists/deniro-farrar-37913.jpg,artist_photo,img/art/2421854.jpg,,,,,"Charlotte, NC",curated
2015,Westside Gunn & Conway the Machine,Pray for Buffalo,,"Coke prices so-so, forty for a whole dough",40,quoted,USD,"Buffalo, NY",high,,,lyric_search,155,https://genius.com/Westside-gunn-and-conway-the-machine-pray-for-buffalo-lyrics,2442311,2015,"Buffalo, NY (title)",Westside Gunn,"Buffalo, New York, U.S",,Paris,,,,img/artists/westside-gunn-451539.jpg,artist_photo,img/art/2442311.jpg,,,,,"Buffalo, NY (title)",lyric
2016,Jimmy Wopo,Prime Time,Jimmy Wopo,"And it's forty for a key nigga, ask AZ",40,quoted,USD,"Pittsburgh, PA",high,,,lyric_search,156,https://genius.com/Jimmy-wopo-prime-time-lyrics,3789869,2016,,Jimmy Wopo,"Pittsburgh, Pennsylvania, U.S",,Pittsburgh,,,,img/artists/jimmy-wopo-327800.jpg,artist_photo,img/art/3789869.jpg,,,,,"Pittsburgh, PA",curated
2016,Westside Gunn,Free Chapo,Conway the Machine,"Dump the work in the acid, forty for a brick",40,quoted,USD,"Buffalo, NY",medium,,,lyric_search,157,https://genius.com/Westside-gunn-free-chapo-lyrics,2441246,2016,,Conway the Machine,"Buffalo, New York, U.S",,London,,,,img/artists/conway-the-machine-53774.jpg,artist_photo,img/art/2441246.jpg,,,,,"Buffalo, NY",curated
2017,Baby Ahk,Marathon,Baby Ahk,18 5 for the half a key,37,sell,USD,,medium,derived,18.5 per half => 37 per kilo,lyric_search,158,https://genius.com/Baby-ahk-marathon-lyrics,4434708,2017,,,,,,,,,img/artists/baby-ahk-797836.jpg,artist_photo,img/art/4434708.jpg,"Riverdale, MD","Genius bio: DMV rapper from Riverdale, Prince George's County, MD; killed there in Oct 2018",https://www.thecoli.com/threads/riverdale-md-rapper-baby-ahk-killed.669099/,high,"Riverdale, MD",inferred
2017,No Plug,Groceries,,"Bricks is thirty-five, that's too high",35,quoted,USD,"Atlanta, GA",high,,,lyric_search,159,https://genius.com/No-plug-groceries-lyrics,3461428,2017,,,,,,,,,img/artists/no-plug-991980.jpg,artist_photo,img/art/3461428.jpg,,,,,"Atlanta, GA",curated
2018,Westside Gunn,Ric Martel,,"Whole brick for 28, look like we bleached it",28,quoted,USD,"Buffalo, NY",medium,,,lyric_search,160,https://genius.com/Westside-gunn-ric-martel-lyrics,3746575,2018,,Westside Gunn,"Buffalo, New York, U.S",,Paris,,,,img/artists/westside-gunn-451539.jpg,artist_photo,img/art/3746575.jpg,,,,,"Buffalo, NY",curated
2018,sKitz Kraven,Propaganda,sKitz Kraven,Thirty for a key / Now that's a piece,30,quoted,USD,,medium,,,lyric_search,161,https://genius.com/Skitz-kraven-propaganda-lyrics,4296865,2018,,,,,,,,,img/artists/skitz-kraven-991289.jpg,artist_photo,img/art/4296865.jpg,"Sun Prairie, WI","Official bio: from Sun Prairie, Wisconsin; moved to Los Angeles at 19",https://www.skitzkraven.com/pages/bio,high,"Sun Prairie, WI",inferred
2019,Wanski,5.Am,Veeze,Thirty-five for a white bird like Larry,35,quoted,USD,"Detroit, MI",medium,,,lyric_search,162,https://genius.com/Wanski-5am-lyrics,5581442,2019,,Veeze,"Detroit, Michigan, U.S",,Detroit,,,,img/artists/veeze-1847232.jpg,artist_photo,img/art/5581442.jpg,,,,,"Detroit, MI",curated
2019,Slim (UK),Picture This,Slim,Yo it's forty bags for a brick / It's gettin' drastic,40,quoted,GBP,"London, UK",high,,,lyric_search,163,https://genius.com/Slim-uk-picture-this-lyrics,4396557,2019,,,,,,,,,img/artists/slim-uk-1647029.jpg,artist_photo,img/art/4396557.jpg,,,,,"London, UK",curated
2020,42 Dugg,Ride With Me,42 Dugg,"Thirty-five a key, buss her down and lean",35,quoted,USD,"Detroit, MI",high,,,lyric_search,164,https://genius.com/42-dugg-ride-with-me-lyrics,5391972,2020,,42 Dugg,"Detroit, Michigan, U.S",,Atlanta,,,,img/artists/42-dugg-1426415.jpg,artist_photo,img/art/5391972.jpg,,,,,"Detroit, MI",curated
2020,Burna Bandz,Let The Racks Speak,Burna Bandz,Bricks going for the forty-three,43,quoted,CAD,"Toronto, ON",high,,,lyric_search,165,https://genius.com/Burna-bandz-let-the-racks-speak-lyrics,5203159,2020,,,,,,,,,img/artists/burna-bandz-1231938.jpg,artist_photo,img/art/5203159.jpg,,,,,"Toronto, ON",curated
2020,Jeezy,Back,Jeezy,"I want twenty for a half, forty for a slab (Bricks)",40,sell,USD,"Atlanta, GA",high,,,lyric_search,166,https://genius.com/Jeezy-back-lyrics,6019377,2020,,Jeezy,"Columbia, South Carolina, U.S","Atlanta, Georgia, U.S",Atlanta,,,,img/artists/jeezy-67.jpg,artist_photo,img/art/6019377.jpg,,,,,"Atlanta, GA",curated
2020,K-Trap,Probably,,"Fifty-four a brick, I need a better price",54,buy,GBP,"London, UK",high,,,lyric_search,167,https://genius.com/K-trap-probably-lyrics,6097396,2020,,K-Trap,"Lambeth, London, England","Gipsy Hill, London, England",London,,,,img/artists/k-trap-661054.jpg,artist_photo,img/art/6097396.jpg,,,,,"London, UK",curated
2020,Lil Wayne,I Don't Sleep,,"Text message from my Memphis bitch, she get 'em ten a key",10,quoted,USD,"New Orleans, LA",low,outlier,,lyric_search,168,https://genius.com/Lil-wayne-i-dont-sleep-lyrics,5218403,2020,"Memphis, TN",Lil Wayne,"New Orleans, Louisiana, U.S",,New Orleans,https://genius.com/24166640,"Memphis is a city in the US state of Tennessee, which rhymes with “ten a key” and suggests that she can obtain a kilogram of cocaine for $10,000 – or “10 a ki.”",1,img/artists/lil-wayne-4.jpg,artist_photo,img/art/5218403.jpg,,,,,"Memphis, TN",lyric
2020,Ronin Gray,GET DOWN,Ronin Gray,Them birds I used to flip / Twenty-one five,21.5,quoted,USD,,medium,retrospective,,lyric_search,169,https://genius.com/Ronin-gray-get-down-lyrics,5682387,2020,,,,,,,,,img/art/5682387.jpg,song_art,img/art/5682387.jpg,"Los Angeles, CA","Genius and Bandcamp: raised in Boyle Heights, Los Angeles; the Atlanta studio credit is the producer's",https://roningray1.bandcamp.com/album/red-dragon-ep,high,"Los Angeles, CA",inferred
2020,SupaWassi,Gucci,SupaWassi,I could get a bird for thirty-three like Larry (Bird),33,buy,USD,,medium,,,lyric_search,170,https://genius.com/Supawassi-gucci-lyrics,5498070,2020,,,,,,,,,img/artists/supawassi-1532926.jpg,artist_photo,img/art/5498070.jpg,"Toronto, ON",Genius bio: from Northside Jane-Finch; HipHopCanada calls him a Toronto-based artist,https://hiphopcanada.com/tag/supawassi/,high,"Toronto, ON",inferred
2021,BandGang Lonnie Bands & Cypress Moreno,Where Is Marshall,BandGang Lonnie Bands,"I just paid fifty for a bird, this nigga taxin' me",50,buy,USD,"Detroit, MI",high,,rapper says he was overcharged,lyric_search,171,https://genius.com/Bandgang-lonnie-bands-and-cypress-moreno-where-is-marshall-lyrics,7356972,2021,,,,,,,,,img/artists/bandgang-lonnie-bands-663475.jpg,artist_photo,img/art/7356972.jpg,,,,,"Detroit, MI",curated
2021,Pop Smoke,Tell the Vision,Pusha T,"When a brick is thirty-six, bitch, how could I not?",36,quoted,USD,"Virginia Beach, VA",high,,,lyric_search,172,https://genius.com/Pop-smoke-tell-the-vision-lyrics,7003254,2021,,Pusha T,"New York City, U.S","Virginia Beach, Virginia, U.S",New York City,https://genius.com/23513617,"A “brick” is a kilo of cocaine. Each kilo, according to Pusha T, goes for $36,000. One can imagine moving a lot of these can get you a lot of money quick.",35,img/artists/pusha-t-643.jpg,artist_photo,img/art/7003254.jpg,,,,,"Virginia Beach, VA",curated
2021,Struggle Mike & Smoke Bulga,John Gotti,,"Only thirty for a bird, I know the real de[al]",30,sell,USD,"Buffalo, NY",medium,,,lyric_search,173,https://genius.com/Struggle-mike-and-black-soprano-family-john-gotti-remix-lyrics,8993271,2023,,,,,,,,,img/artists/struggle-mike-3048748.jpg,artist_photo,img/art/8993271.jpg,,,,,"Buffalo, NY",curated
2021,Tee Grizzley,White Dior Tee,Tee Grizzley,"Forty-eight a key, thirty-eight a P, nigga (Work)",48,quoted,USD,"Detroit, MI",medium,,,lyric_search,174,https://genius.com/Tee-grizzley-white-dior-tee-lyrics,6773161,2021,,Tee Grizzley,"Detroit, Michigan, U.S",,Detroit,,,,img/artists/tee-grizzley-1028913.jpg,artist_photo,img/art/6773161.jpg,,,,,"Detroit, MI",curated
2022,"42 Dugg, Coi Leray & CMG The Label",Hold Me Down,42 Dugg,"Forty for a verse, I want fifty for a brick",50,sell,USD,"Detroit, MI",high,,,lyric_search,175,https://genius.com/42-dugg-coi-leray-and-cmg-the-label-hold-me-down-lyrics,8191531,2022,,42 Dugg,"Detroit, Michigan, U.S",,Atlanta,,,,img/artists/42-dugg-1426415.jpg,artist_photo,img/art/8191531.jpg,,,,,"Detroit, MI",curated
2022,Al-Doms & Pusha T,HAHA,Pusha T,My yellow brick road was twenty-five a key,25,quoted,USD,"Virginia Beach, VA",high,retrospective,,lyric_search,176,https://genius.com/Al-doms-and-pusha-t-haha-lyrics,8088526,2022,,Pusha T,"New York City, U.S","Virginia Beach, Virginia, U.S",New York City,,,,img/artists/pusha-t-643.jpg,artist_photo,img/art/8088526.jpg,,,,,"Virginia Beach, VA",curated
2022,Blac Youngsta,Money,Blac Youngsta,"Forty for a brick, eating Winnup since back in the day",40,quoted,USD,"Memphis, TN",high,,,lyric_search,177,https://genius.com/Blac-youngsta-money-lyrics,7889544,2022,,Blac Youngsta,"Memphis, Tennessee, U.S",,Memphis,,,,img/artists/blac-youngsta-407382.jpg,artist_photo,img/art/7889544.jpg,,,,,"Memphis, TN",curated
2022,Kenzo Str8Drop,Trap Flow,Kenzo Str8Drop,Nuttin' less than thirty five and you can cop this brick,35,sell,USD,,medium,,,lyric_search,178,https://genius.com/Kenzo-str8drop-trap-flow-lyrics,8900077,2022,,,,,,https://genius.com/30606622,"He’ll accept no less than 35 grand for a brick (kilogram) of his product.
The alleged average price of a kilo in the uk is around 28000-32000 he’s made a nice drink there, especially if he’s trampled  (cut) on the product beforehand.",0,img/artists/kenzo-str8drop-3389746.jpg,artist_photo,img/art/8900077.jpg,"Manchester, UK",Genius bio and Clash: Manchester rapper Marco McKenzie,https://www.clashmusic.com/news/manchester-rapper-kenzo-str8drop-asks-who-needs-enemies,high,"Manchester, UK",inferred
2022,Tye Henney,PM,Tye Henney,"Twenty for a bird, if it's good, I need that shit",20,buy,USD,,medium,,,lyric_search,179,https://genius.com/Tye-henney-pm-lyrics,8083772,2022,,,,,,,,,img/artists/tye-henney-3191887.jpg,artist_photo,img/art/8083772.jpg,"New Haven, CT","ReverbNation profile: rapper from New Haven, Connecticut",https://legacy.reverbnation.com/tyehenney,high,"New Haven, CT",inferred
2023,Boldy James & ChanHays,Trust Issues,Boldy James,"Twenty-six a blue, thirty for the brick",30,quoted,USD,"Detroit, MI",high,,,lyric_search,180,https://genius.com/Boldy-james-and-chanhays-trust-issues-lyrics,9210347,2023,,Boldy James,"Atlanta, Georgia, U.S","Detroit, Michigan, U.S",Detroit,,,,img/artists/boldy-james-11689.jpg,artist_photo,img/art/9210347.jpg,,,,,"Detroit, MI",curated
2024,"Poody Gordy, Babyface Ray, Drego & Beno & ShredGang Mone",Break a Bitch,,"'Bout twenty, yeah, for this half a brick",40,sell,USD,"Detroit, MI",medium,derived,20 per half => 40 per kilo,lyric_search,181,https://genius.com/Poody-gordy-babyface-ray-drego-and-beno-and-shredgang-mone-break-a-bitch-lyrics,9985132,2024,,,,,,,,,img/artists/poody-gordy-2984432.jpg,artist_photo,img/art/9985132.jpg,,,,,"Detroit, MI",curated
2025,Boldy James & V Don,Bobert Horry,Boldy James,Back when they used to charge you seventeen for the whole brick,17,quoted,USD,"Detroit, MI",high,retrospective,,lyric_search,182,https://genius.com/Boldy-james-and-v-don-bobert-horry-lyrics,11654662,2025,,Boldy James,"Atlanta, Georgia, U.S","Detroit, Michigan, U.S",Detroit,,,,img/artists/boldy-james-11689.jpg,artist_photo,img/art/11654662.jpg,,,,,"Detroit, MI",curated
2026,Conway the Machine & DJ Whoo Kid,TV OFF,Conway the Machine,Fifteen and a half for a key slab,15.5,quoted,USD,"Buffalo, NY",medium,,,lyric_search,183,https://genius.com/Conway-the-machine-and-dj-whoo-kid-tv-off-lyrics,13669770,2026,,Conway the Machine,"Buffalo, New York, U.S",,London,,,,img/artists/conway-the-machine-53774.jpg,artist_photo,img/art/13669770.jpg,,,,,"Buffalo, NY",curated
2026,Nickoe,The Peoples Choice,Nickoe,I just sold a brick at forty,40,sell,USD,,medium,,,lyric_search,184,https://genius.com/Nickoe-the-peoples-choice-lyrics,13011362,2026,,,,,,,,,img/art/13011362.jpg,song_art,img/art/13011362.jpg,"Jackson, MS","OnTheSceneNY: 'Jackson, Mississippi's very own Nickoe'",https://www.onthesceneny.com/videos/jackson-mississippis-very-own-nickoe-drops-his-official-music-video-for-bunny-hop-day1_nickoe/,high,"Jackson, MS",inferred
2000,Three 6 Mafia,Sippin' on Some Syrup,Pimp C,"If you got sixteen, you can get a bizzird",16,sell,USD,"Port Arthur, TX",high,,"annotation: Pimp C sells birds for $16,000",annotation,185,https://genius.com/Three-6-mafia-sippin-on-some-syrup-lyrics,2605,2000,,Pimp C,"Crowley, Louisiana, U.S","Port Arthur, Texas, U.S",Port Arthur,https://genius.com/27953823,"A bird is a kilogram of cocaine. Pimp C sells them for $16,000. The -izz- is inserted, matching “sizzurp” in the next line.",4,img/artists/three-6-mafia-44.jpg,artist_photo,img/art/2605.jpg,,,,,"Port Arthur, TX",curated
2003,G-Unit,Stunt 101,Young Buck,"Buck, he from Cashville, Ten-a-key nigga / We getting them ten a ki'",10,buy,USD,"Nashville, TN",high,,,annotation,186,https://genius.com/G-unit-stunt-101-lyrics,4770,2003,"Nashville, TN (Cashville)",,,,,https://genius.com/3409655,"During the recording of this album, (Beg for Mercy), Tony Yayo was sentenced to prison, which is when Young Buck stepped in and joined G-Unit.

Young Buck stepping in for this album instead of the original member (Tony Yayo) is the reason to 50 Cent formally introducing Buck throughout this album.

Buck is from Nashville, Tennessee, hence the creation of his record label “Ca$hville”.

“Tennessee” ",5,img/artists/g-unit-2035.jpg,artist_photo,img/art/4770.jpg,,,,,"Nashville, TN (Cashville)",lyric
2005,Bun B,Get Throwed,Young Jeezy,"Snowman, 16.5 a piece, nigga, USDA",16.5,buy,USD,"Atlanta, GA",high,,annotation notes Jeezy has also used 17.5 and 19.5,annotation,187,https://genius.com/Bun-b-get-throwed-lyrics,1007,2005,,Jeezy,"Columbia, South Carolina, U.S","Atlanta, Georgia, U.S",Atlanta,https://genius.com/30367,"Young Jeezy identifies himself as the Snowman, referring to the large amounts of cocaine he sold.  He claims to purchase kilos of cocaine for $16,500, although he has varied this figure to 17.5 and 19.5.  U.S.D.A. is Jeezy’s rap group United Streets Dopeboyz of America with Slick Pulla, Blood Raw, and other Jeezy associates.

Pimp C would later release an interlude and song in 2013 titled “16.5” w",10,img/artists/jeezy-67.jpg,artist_photo,img/art/1007.jpg,,,,,"Atlanta, GA",curated
2006,Clipse,Wamp Wamp (What It Do),Malice,"Seventeen a brick, yeah, run and tell 'em that",17,sell,USD,"Virginia Beach, VA",high,,,annotation,188,https://genius.com/Clipse-wamp-wamp-what-it-do-lyrics,1001,2006,,,,,,https://genius.com/20058384,"This a possible way of malice telling how much his bricks of coke costs. 17 is possibly $17k, and that is around the cheaper prices coke can be bought for. This is also why the re-up gang’s main anthem is “we got it 4 cheap”.",5,img/artists/clipse-5.jpg,artist_photo,img/art/1001.jpg,,,,,"Virginia Beach, VA",curated
2007,OJ da Juiceman,Kop a Chicken,OJ da Juiceman,"Cop a chicken, dog, for the 18",18,buy,USD,"Atlanta, GA",medium,implied_unit,chicken = bird = kilo; annotation misreads it as a pound,annotation,189,https://genius.com/Oj-da-juiceman-kop-a-chicken-lyrics,100172,2007,,OJ da Juiceman,,"Atlanta, Georgia, U.S",Atlanta,https://genius.com/12615834,"OJ Da Juiceman was known for making/selling crack cocaine before & during his music career. a chicken = bird = a pound. he buys the pound of drugs for $1,800 USD.",-3,img/artists/oj-da-juiceman-260.jpg,artist_photo,img/art/100172.jpg,,,,,"Atlanta, GA",curated
2008,Gucci Mane,Bricks,Gucci Mane,"Drought season in, charged your ass a whole thirty",30,sell,USD,"Atlanta, GA",high,drought,"annotation: drought price, normally ~25",annotation,190,https://genius.com/Gucci-mane-bricks-lyrics,423,2008,,Gucci Mane,"Bessemer, Alabama, US","Atlanta, Georgia, US",Atlanta,https://genius.com/15484,“Drought” refers to a time when drug prices soar and Gucci can charge a whole $30K for a kilo of cocaine (usually goes for ~$25K) Economics 101; low supply equals higher prices,4,img/artists/gucci-mane-13.jpg,artist_photo,img/art/423.jpg,,,,,"Atlanta, GA",curated
2010,Jeezy,Ill'in,Jeezy,"Got some redbones to go out to Phoenix, get that Amare",1,buy,USD,"Atlanta, GA",medium,outlier;hyperbole;homage;implied_unit,Amar'e Stoudemire wore #1 => $1k a kilo; answers Jay-Z's Dwyane Wade line,annotation,191,https://genius.com/Jeezy-illin-lyrics,465,2010,"Phoenix, AZ",Jeezy,"Columbia, South Carolina, U.S","Atlanta, Georgia, U.S",Atlanta,https://genius.com/16566,"A redbone is a ruddy, light-skinned black girl. In the classic meme of a sexy girl transporting drugs for a rapper, Jeezy has his redbone go to Arizona to buy him cocaine

Jeezy refers to cocaine here as “Amare”, referring to basketball player Amar'e Stoudemire, whose number is 1. This is a play on Jay-Z’s celebrated line:

If Jeezy’s paying Lebron I’m paying Dwayne Wade

Jeezy is saying that if J",0,img/artists/jeezy-67.jpg,artist_photo,img/art/465.jpg,,,,,"Phoenix, AZ",lyric
2012,Rick Ross,So Sophisticated,Rick Ross,Breaking news and we still get them for ten a key,10,buy,USD,"Miami, FL",low,outlier;hyperbole,,annotation,192,https://genius.com/Rick-ross-so-sophisticated-lyrics,74950,2012,,Rick Ross,"Clarksdale, Mississippi, U.S","Miami-Dade County, Florida, U.S",Miami,https://genius.com/794206,Even when Ross has heat on him he still gets a killer deal. $10k for a kilo. It can seriously run at around 25-30k. He makes a total killer especially when he makes it come back even harder than before.,5,img/artists/rick-ross-88.jpg,artist_photo,img/art/74950.jpg,,,,,"Miami, FL",curated
2013,Ace Hood,Bugatti,Rick Ross,"That's why I hustle for half a key, that's twelve G's",24,sell,USD,"Miami, FL",high,derived,12 per half => 24 per kilo,annotation,193,https://genius.com/Ace-hood-bugatti-lyrics,110064,2013,,Rick Ross,"Clarksdale, Mississippi, U.S","Miami-Dade County, Florida, U.S",Miami,https://genius.com/1508526,"Following up on from the previous line, Ross explains he sells cocaine in order to let his mother retire comfortably, as he was tired of watching her struggle.

In Miami, a kilo of coke is worth of 20K-28.5K, so when Ross is selling $12K for a half a kilo, he might be asking for too much.",4,img/artists/rick-ross-88.jpg,artist_photo,img/art/110064.jpg,,,,,"Miami, FL",curated
2013,Payroll Giovanni,Pure White,Payroll Giovanni,"I had 'em for the 2-3, nigga, just like new J's",23,sell,USD,"Detroit, MI",medium,implied_unit,Jordan's 23 => $23k,annotation,194,https://genius.com/Payroll-giovanni-pure-white-lyrics,254761,2013,,,,,,https://genius.com/2397530,"Reference to world-famous basketball star Michael Jordan, whose basketball number was 23.



He is also well known for Air Jordans, a brand of shoes and athletic clothing designed, owned, and produced by Nike and Michael Jordan himself. These are often referred to as “J’s”

But Jeezy ain’t talking basketball. He’s saying he could buy a kilo of cocaine for $23,000. He has stated this before by sayi",0,img/artists/payroll-giovanni-582820.jpg,artist_photo,img/art/254761.jpg,,,,,"Detroit, MI",curated
2013,Gucci Mane,Jugg Finesse,Gucci Mane,"1017, that's a brick wit' a extra 10",17,sell,USD,"Atlanta, GA",high,,1017 Bricksquad wordplay: 17 for the brick,annotation,195,https://genius.com/Gucci-mane-and-young-scooter-jugg-finesse-lyrics,151176,2013,,Gucci Mane,"Bessemer, Alabama, US","Atlanta, Georgia, US",Atlanta,https://genius.com/16069325,"Gucci’s uses his label’s name, 1017 Bricksquad, to allude to how much he’ll charge you for a brick of cocaine: $17,000.",0,img/gm.jpg,manual,img/art/151176.jpg,,,,,"Atlanta, GA",curated
2014,Rick Ross,War Ready,Rick Ross,"Seventeen, I was chargin' niggas seventeen",17,sell,USD,"Miami, FL",high,retrospective,at age 17,annotation,196,https://genius.com/Rick-ross-war-ready-lyrics,352087,2014,,Rick Ross,"Clarksdale, Mississippi, U.S","Miami-Dade County, Florida, U.S",Miami,https://genius.com/2853863,https://players.brightcove.net/4863540648001/HklmClHkx_default/index.html?videoId=5236752450001,31,img/artists/rick-ross-88.jpg,artist_photo,img/art/352087.jpg,,,,,"Miami, FL",curated
2015,Yo Gotti,Rihanna,Yo Gotti,Got bricks of Madonna / Twenty two for that thirty six,22,sell,USD,"Memphis, TN",high,,,annotation,197,https://genius.com/Yo-gotti-rihanna-lyrics,2156427,2015,,Yo Gotti,"Memphis, Tennessee, U.S",,Memphis,https://genius.com/7191439,"Gotti has built a criminal network based on drug trafficking of mostly cocaine aka “white girl”. He has made it from the streets to directing his shooters and runners out of his bando. For a cocaine brick of 36 ounces, he receives $22,000 and pays 9% to the couriers.",1,img/artists/yo-gotti-118.jpg,artist_photo,img/art/2156427.jpg,,,,,"Memphis, TN",curated
2019,Griselda,Chef Dred's,Benny the Butcher,I double up if the brick clean / But now I get that for a sixteen,16,buy,USD,"Buffalo, NY",medium,,,annotation,198,https://genius.com/Griselda-chef-dreds-lyrics,5005059,2019,,,,,,https://genius.com/24632688,"To be “mean” is slang for being cool, a possible reference to Conway earlier comparing his wrist to ice. To “double up” is to double the price of a drug sold. A “brick” is a compact rectangle of cocaine, and for drugs to be clean is to be pure and uncut. “16” is probably 16 thousand dollars Benny buys the pure cocaine for, and then he doubles it for $32 thousand. He also says he spends money on “d",4,img/artists/griselda-1124868.jpg,artist_photo,img/art/5005059.jpg,,,,,"Buffalo, NY",curated
2024,Conway the Machine,Mutty,Conway the Machine,"If you got a half a bird for nine, and water whipped it all the way 'round",18,buy,USD,"Buffalo, NY",high,derived,9 per half => 18 per kilo,annotation,199,https://genius.com/Conway-the-machine-and-stove-god-cooks-mutty-lyrics,9961205,2024,,Conway the Machine,"Buffalo, New York, U.S",,London,https://genius.com/36785949,"If you buy a half a kilogram (500 grams) of cocaine for $9,000 and cook it  into crack so well that double the amount of drugs to sell (1000 grams).",0,img/artists/conway-the-machine-53774.jpg,artist_photo,img/art/9961205.jpg,,,,,"Buffalo, NY",curated
2007,Gorilla Zoe,Money Man,Gorilla Zoe,"We got bricks of the flake, Justin Timberlake / Last year was 24, this year is 28",28,quoted,USD,"Atlanta, GA",high,implied_unit,"price move stated in the line: 24 in 2006, 28 in 2007",lyric_search,200,https://genius.com/Gorilla-zoe-money-man-lyrics,173179,2007,,,,,,,,,img/artists/gorilla-zoe-859.jpg,artist_photo,img/art/173179.jpg,,,,,"Atlanta, GA",curated
2007,Gorilla Zoe,Money Man,Gorilla Zoe,"We got bricks of the flake, Justin Timberlake / Last year was 24, this year is 28",24,quoted,USD,"Atlanta, GA",high,implied_unit;retrospective;companion,the 'last year' half of the line: 24 in 2006; dated to 2006 in build.py. Companion row to the 28 (2007) entry,lyric_search,234,https://genius.com/Gorilla-zoe-money-man-lyrics,173179,2007,,,,,,,,,img/artists/gorilla-zoe-859.jpg,artist_photo,img/art/173179.jpg,,,,,"Atlanta, GA",curated
2007,Gucci Mane,Truck Loaded,Gucci Mane,"Eighteen bands, I done sold another thing / Ten grand cash, that'll get you 'bout a half",18,sell,USD,"Atlanta, GA",high,implied_unit,"full price list: 18 for the whole thing, 10 for a half; re-recorded as 'Do The Math' (2009)",lyric_search,201,https://genius.com/Gucci-mane-truck-loaded-lyrics,7986828,2007,,Gucci Mane,"Bessemer, Alabama, US","Atlanta, Georgia, US",Atlanta,,,,img/artists/gucci-mane-13.jpg,artist_photo,img/art/7986828.jpg,,,,,"Atlanta, GA",curated
2016,Snap Capone,Pay 4 It / Picture Me Rolling,Snap Capone,"Charge thirty for a key, that's the price of my watch",30,sell,GBP,"London, UK",medium,,,lyric_search,202,https://genius.com/Snap-capone-pay-4-it-picture-me-rolling-lyrics,5519916,,,,,,,,,,img/artists/snap-capone-244715.jpg,artist_photo,img/art/5519916.jpg,,,,,"London, UK",curated
2019,Fee Gonzales,Slatt,Fee Gonzales,I just paid like 40 for the brick,40,buy,GBP,"London, UK",medium,,,lyric_search,203,https://genius.com/Fee-gonzales-slatt-lyrics,5897803,,,,,,,,,,img/artists/fee-gonzales-1172394.jpg,artist_photo,img/art/5897803.jpg,"London, UK","South London rapper per Viper Mag and Wordplay coverage; collaborator of Giggs, JME, Potter Payper",https://www.vipermag.com/2026/08/28/5-unstoppable-reasons-fee-gonzales/,high,"London, UK",curated
2013,Doughboyz Cashout,Numbers,,2 for 60 for the bricks,30,sell,USD,"Detroit, MI",medium,derived,2 for 60 => 30 per brick,lyric_search,204,https://genius.com/Doughboyz-cashout-numbers-lyrics,134910,,,,,,,,,,img/artists/doughboyz-cashout-13264.jpg,artist_photo,img/art/134910.jpg,,,,,"Detroit, MI",curated
2014,Smerker,Stars In The Wraith (Remix),,"Thirty on my wrist, wan' pay thirty for a brick",30,buy,GBP,"London, UK",medium,,,lyric_search,205,https://genius.com/Smerker-stars-in-the-wraith-remix-lyrics,8559402,,,,,,,,,,,,,,,,,"London, UK",curated
2006,Styles P,Institutionalized,Styles P,"Twenty for a brick, but if you caught, it's twenty-five",20,quoted,USD,"Yonkers, NY",high,,"25 is the sentence in years, not a price",lyric_search,206,https://genius.com/Styles-p-institutionalized-lyrics,1931248,,,Styles P,"Queens, New York City, U.S","Yonkers, New York, U.S",New York,,,,img/artists/styles-p-75.jpg,artist_photo,img/art/1931248.jpg,,,,,"Yonkers, NY",curated
2001,E.S.G. & Slim Thug,Mash For Our Cash,,"Sixteen-five for a bird, so nigga quit hating",16.5,sell,USD,"Houston, TX",high,,,lyric_search,207,https://genius.com/Esg-tx-and-slim-thug-mash-for-our-cash-lyrics,19055,2001,,,,,,,,,img/artists/e-s-g-tx-3630.jpg,artist_photo,img/art/19055.jpg,,,,,"Houston, TX",curated
2023,"GooseByTheWay, SK Da King, 7xvethegenius & Lucky Seven",Take It Back,,Before niggas started payin' thirty for a whole thing,30,buy,USD,"Buffalo, NY",medium,implied_unit;retrospective,'whole thing' = kilo; line looks back to before fentanyl,lyric_search,208,https://genius.com/Goosebytheway-sk-da-king-7xvethegenius-and-lucky-seven-take-it-back-lyrics,9285464,2023,,,,,,,,,img/artists/goosebytheway-3494720.jpg,artist_photo,img/art/9285464.jpg,,,,,"Buffalo, NY",curated
2019,Ameer Vann,All I Know,Ameer Vann,Thirty for a brick and a hunnid in the trunk,30,quoted,USD,"Houston, TX",medium,,,lyric_search,209,https://genius.com/Ameer-vann-all-i-know-lyrics,7315870,,,Ameer Vann,"Houston, Texas, U.S","Los Angeles, California, U.S",New York City,,,,img/artists/ameer-vann-32068.jpg,artist_photo,img/art/7315870.jpg,,,,,"Houston, TX",curated
1998,Kane & Abel,"Greens, Cornbread, and Cabbage",,Fifteen five for a key now I'm,15.5,sell,USD,"New Orleans, LA",medium,,trim quote to the line,lyric_search,210,https://genius.com/Kane-and-abel-greens-cornbread-and-cabbage-lyrics,25800,,,,,,,,,,img/artists/kane-abel-357182.jpg,artist_photo,img/art/25800.jpg,,,,,"New Orleans, LA",curated
2021,Rx Papi,Daisy Lane,Rx Papi,"Study for a ten, thirty for a brick",30,quoted,USD,"Rochester, NY",medium,,,lyric_search,211,https://genius.com/Rx-papi-daisy-lane-lyrics,7794686,2021,,Rx Papi,,"Rochester, New York",Rochester,,,,img/artists/rx-papi-2338660.jpg,artist_photo,img/art/7794686.jpg,,,,,"Rochester, NY",curated
2015,"Big Ghost Ltd, Conway the Machine & Westside Gunn",If I Ruled the World '15,,I take it back to '05 when coke prices was eighteen a key,18,quoted,USD,"Buffalo, NY",high,retrospective,line dates the price to 2005; set performer once checked (Conway or Westside Gunn),lyric_search,212,https://genius.com/Big-ghost-ltd-conway-the-machine-and-westside-gunn-if-i-ruled-the-world-15-lyrics,2337879,2015,,Big Ghost,,,Buffalo,,,,img/artists/big-ghost-ltd-50289.jpg,artist_photo,img/art/2337879.jpg,,,,,"Buffalo, NY",curated
2021,Erick the Architect,Self Made,Erick the Architect,I'll tell you why the white sell like 10 a key,10,quoted,USD,"Brooklyn, NY",medium,,,lyric_search,213,https://genius.com/Erick-the-architect-self-made-lyrics,7290165,2021,,Erick Arc Elliott,"Brooklyn, New York, U.S",,New York,,,,img/artists/erick-the-architect-17102.jpg,artist_photo,img/art/7290165.jpg,,,,,"Brooklyn, NY",curated
2019,Cookie Money,Street Visions,Cookie Money,"Thirty for a brick, I ain't never",30,quoted,USD,"Oakland, CA",medium,,trim quote to the line,lyric_search,214,https://genius.com/Cookie-money-street-visions-lyrics,4241411,2019,,,,,,,,,img/artists/cookie-money-93788.jpg,artist_photo,img/art/4241411.jpg,,,,,"Oakland, CA",curated
2019,Emoney X JC,prada,Sir Flex-A-Lot,I got twenty fucking thousand for a brick,20,quoted,USD,,medium,,,lyric_search,215,https://genius.com/Emoney-x-jc-prada-lyrics,7853382,,,,,,,,,,img/artists/emoney-x-jc-2542049.jpg,artist_photo,img/art/7853382.jpg,"Baltimore, MD","No bio found for Emoney X JC or the featured Sirflexalot. Placed on the Baltimore Orioles cap (grey crown, cartoon-bird logo, green underbrim) worn in the act's own Genius artist image. A cap is weak evidence, not a stated hometown. Alternative signal: a SoundCloud account with the exact Genius spelling SIRFLEXALOT lists Oakland, CA, but it has no tracks and cannot be tied to this song. The Sonoma, CA 'EMoney' of TeamBackPack cyphers is a different, older artist",https://genius.com/Emoney-x-jc-prada-lyrics,low,"Baltimore, MD",inferred
2019,Lil Lyko,Lean,,"Spend 10 grand on a bitch, spend six on a brick",6,buy,USD,,low,outlier,"6 is far below market, likely a bar not a price",lyric_search,216,https://genius.com/Lil-lyko-lean-lyrics,7255658,,,,,,,,,,img/artists/lil-lyko-2707081.jpg,artist_photo,img/art/7255658.jpg,"Covington, KY","Bio: Logan Sokolov, born Riga, Latvia, based in Covington, Kentucky",https://open.spotify.com/artist/4a4GK5fSd7g9ikiIrr9bGj,medium,"Covington, KY",inferred
2018,Young Scooter,Plug Lingo,Young Scooter,Like how I sell a bird for twenty and they cost three-oh,20,sell,USD,"Atlanta, GA",medium,,"sells at 20, says they cost 30; sell price used",lyric_search,217,https://genius.com/Young-scooter-plug-lingo-lyrics,3508675,2018,,Young Scooter,"Walterboro, South Carolina, U.S","Atlanta, Georgia, U.S",Atlanta,,,,img/artists/young-scooter-23552.jpg,artist_photo,img/art/3508675.jpg,,,,,"Atlanta, GA",curated
2014,Millyz & The Colombians,The Plug Remix,,Sixty for the whole thing / Thirty for the half,60,sell,USD,"Boston, MA",medium,implied_unit,'whole thing' = kilo; check whether Millyz or Jadakiss raps the line,lyric_search,219,https://genius.com/Millyz-and-the-colombians-the-plug-remix-lyrics,2961768,2014,,,,,,,,,img/artists/millyz-60418.jpg,artist_photo,img/art/2961768.jpg,,,,,"Boston, MA",curated
2020,Florence Sinclair,Hard food,,But how much? / Well it's forty grand a key,40,quoted,GBP,"London, UK",medium,,,lyric_search,220,https://genius.com/Florence-sinclair-hard-food-lyrics,12155524,,,,,,,,,,img/artists/florence-sinclair-3029802.jpg,artist_photo,img/art/12155524.jpg,,,,,"London, UK",curated
2020,Zaytoven,EA LEGENDS,,"No more pain, sold the bricks for twenty-eight",28,sell,USD,"Atlanta, GA",medium,,"set performer once checked (OJ da Juiceman, Yung LA or Yung Ralph)",lyric_search,221,https://genius.com/Zaytoven-ea-legends-lyrics,6311287,2020,,Zaytoven,"Frankfurt, West Germany",,Atlanta,,,,img/artists/zaytoven-27822.jpg,artist_photo,img/art/6311287.jpg,,,,,"Atlanta, GA",curated
2020,Ice City,Street Therapy,,"Re-up on the brick, that's thirty-six, half a brick, eighteen",36,buy,GBP,"London, UK",medium,,36 read as price since the half is priced at 18,lyric_search,222,https://genius.com/Ice-city-street-therapy-lyrics,13737842,,,Ice City Boyz,,"Church End, London, England",London,,,,img/art/13737842.jpg,song_art,img/art/13737842.jpg,,,,,"London, UK",curated
2019,Corleone (UK),Poor Little Rich Kid,,"Heard that sniff shit, 35 a brick prick",35,quoted,GBP,"London, UK",medium,,"Snap Capone features, check who raps the line",lyric_search,223,https://genius.com/Corleone-uk-poor-little-rich-kid-lyrics,692796,,,,,,,,,,img/artists/corleone-uk-1945862.jpg,artist_photo,img/art/692796.jpg,,,,,"London, UK",curated
2016,Lil Pump,30 Bitches (2016),Lil Pump,Forty thousand on a brick,40,quoted,USD,"Miami, FL",medium,,year from title; confirm on Genius,lyric_search,224,https://genius.com/Lil-pump-30-bitches-2016-lyrics,10148597,,,Lil Pump,"Miami, Florida, U.S",,Miami,,,,img/artists/lil-pump-654932.jpg,artist_photo,img/art/10148597.jpg,,,,,"Miami, FL",curated
2016,Chubbie Baby,Thank the Plug,,Brick at 15 and a half / Now a half a brick cost you 15 and a half,15.5,buy,USD,"Atlanta, GA",medium,retrospective,"line contrasts old price (15.5 per brick) with now (15.5 per half => 31); old price used, consider a second derived row at 31",lyric_search,225,https://genius.com/Chubbie-baby-thank-the-plug-lyrics,4889597,,,,,,,,,,,,,,,,,"Atlanta, GA",curated
2017,Snap Capone,Man Down,Snap Capone,I'm in the hood where the bricks go for thirty,30,quoted,GBP,"London, UK",medium,,,lyric_search,226,https://genius.com/Snap-capone-man-down-lyrics,7742386,,,,,,,,,,img/artists/snap-capone-244715.jpg,artist_photo,img/art/7742386.jpg,,,,,"London, UK",curated
2005,D-Block,Yayo,Jadakiss,"Your bricks cost 24, mine 60 something",24,quoted,USD,"Yonkers, NY",medium,,24 taken as the market price; 60 is a boast about his own being uncut,lyric_search,227,https://genius.com/D-block-yayo-lyrics,4307785,2005,,Jadakiss,"Yonkers, New York, U.S",,New York,,,,img/artists/jadakiss-34.jpg,artist_photo,img/art/4307785.jpg,,,,,"Yonkers, NY",curated
2020,Geny Luv,Oak,,On my shit thirty dollars on a brick,30,quoted,USD,,low,implied_unit,'thirty dollars' read as 30K,lyric_search,228,https://genius.com/Geny-luv-oak-lyrics,6013872,2020,,,,,,,,,img/artists/geny-luv-2212550.jpg,artist_photo,img/art/6013872.jpg,"Fresno, CA","MusicBrainz: born Aug 21, 1998, Fresno, California",https://musicbrainz.org/artist/a496deae-07b0-4d2d-a94b-5445d26e3a77,medium,"Fresno, CA",inferred
2024,RX HECTOR,Any Occasion,,"I spent a twenty on a brick, sent it to Cincinnati",20,buy,USD,,medium,,check whether RX HECTOR or YTB Fatt raps the line,lyric_search,229,https://genius.com/Rx-hector-any-occasion-lyrics,10160829,2024,,,,,,,,,img/artists/rx-hector-998657.jpg,artist_photo,img/art/10160829.jpg,"Atlanta, GA","Genius bio: Dalemonte Stilley, rapper from Atlanta, Georgia, MONY POWR RSPT with Hoodrich Pablo Juan",https://genius.com/artists/Rx-hector,high,"Atlanta, GA",inferred
2024,Victor Rashad,Wartime Ready,Victor Rashad,I wanna break down a brick at twenty-four,24,buy,USD,,medium,,,lyric_search,230,https://genius.com/Victor-rashad-wartime-ready-lyrics,11228474,2024,,,,,,,,,img/artists/victor-rashad-3972490.jpg,artist_photo,img/art/11228474.jpg,"Atlanta, GA","X bio cites ATL legends as influences (Andre 3000, Big Boi); no explicit hometown found",https://x.com/_VictorRashad_,low,"Atlanta, GA",inferred
2012,AR-AB,North 2 West,AR-AB,Bring 32 grand if you need a brick,32,sell,USD,"Philadelphia, PA",high,,,lyric_search,231,https://genius.com/Ar-ab-north-2-west-lyrics,3064862,,,,,,,,,,img/artists/ar-ab-1136.jpg,artist_photo,img/art/3064862.jpg,,,,,"Philadelphia, PA",curated
2018,Dion Lekeith,How You Trying to Roll,Bobby Gore,Got me feeling like a key / 30 grand I'll pay the fee,30,quoted,USD,,low,implied_unit;wordplay,30 grand is 'the fee' in a rhyme with 'key'; kilo price by association only,lyric_search,232,https://genius.com/Dion-lekeith-how-you-trying-to-roll-lyrics,4307638,2018,,,,,,,,,img/artists/dion-lekeith-281744.jpg,artist_photo,img/art/4307638.jpg,"Chicago, IL","Dion Lekeith's catalogue is Chicago West Side: albums 'Y'all Killed Bobby Gore' (2021) and 'HolyCity Babies' (2023), track 'Godfather of Chicago Streets 2'. Bobby Gore led the Conservative Vice Lords in North Lawndale, whose turf is called the Holy City. Genius credits the quoted verse to 'Bobby Gore', likely an alias on that album",https://open.spotify.com/album/1sD9RTndBSDq6FfeqzTxfT,high,"Chicago, IL",inferred
2018,JayDaYoungan,Wake Up,JayDaYoungan,"Stepped out and I look like a brick / Thirty bands, I put that on my wrist",30,quoted,USD,"Bogalusa, LA",low,implied_unit;wordplay,"thirty bands is the watch; equates himself to a brick, so 30 = brick price only by implication",lyric_search,233,https://genius.com/Jaydayoungan-wake-up-lyrics,4139396,2018,,JayDaYoungan,"Bogalusa, Louisiana, U.S",,,,,,img/artists/jaydayoungan-1123440.jpg,artist_photo,img/art/4139396.jpg,,,,,"Bogalusa, LA",curated
